Origem:,Inscrição:,Matrícula:,Endereço:,Dados Brutos
Imóvel,101.165.0706.000,101.165.0706.000,"Rua JOSE NETO PARANHOS         0 QD. 41 LT. 62 BAIRRO JUNDIAI, Qt.Qd.Lt.SubLt. 41 62","Dívida Parcelada Situação:
2023 09 Parcelam/Div/Aj 2.327,45 14,19 18,89 2.360,53 2 3
2.327,45 14,19 18,89 2.360,53 TOTAL:
TOTAL ORIGEM: 2.327,45 14,19 18,89 2.360,53"
Imóvel,104.063.0283.001,104.063.0283.001,"Avenida PB 1          S/N QD: 30 LT: 14 PARQUE BRASILIA I E II ETAPA, Qt.Qd.Lt.SubLt. 30 14","Dívida Parcelada Situação:
2023 09 Parcelam/Div/Aj 2.327,45 14,19 18,89 2.360,53 2 3
2.327,45 14,19 18,89 2.360,53 TOTAL:
TOTAL ORIGEM: 2.327,45 14,19 18,89 2.360,53"
Imóvel,104.433.0025.000,104.433.0025.000,"Avenida CEREJEIRAS         0 QD- 19 LT- 13 RESIDENCIAL CEREJEIRAS, Qt.Qd.Lt.SubLt. 19 13","Dívida Parcelada Situação:
2023 09 Parcelam/Div/Aj 2.327,45 14,19 18,89 2.360,53 2 3
2.327,45 14,19 18,89 2.360,53 TOTAL:
TOTAL ORIGEM: 2.327,45 14,19 18,89 2.360,53"
Imóvel,104.433.0041.000,104.433.0041.000,"Avenida CEREJEIRAS         0 QD- 19 LT- 12 RESIDENCIAL CEREJEIRAS, Qt.Qd.Lt.SubLt. 19 12","Dívida Parcelada Situação:
2023 09 Parcelam/Div/Aj 2.327,45 14,19 18,89 2.360,53 2 3
2.327,45 14,19 18,89 2.360,53 TOTAL:
TOTAL ORIGEM: 2.327,45 14,19 18,89 2.360,53"
Imóvel,104.433.0057.000,104.433.0057.000,"Avenida CEREJEIRAS         0 QD- 19 LT- 11 RESIDENCIAL CEREJEIRAS, Qt.Qd.Lt.SubLt. 19 11","Dívida Parcelada Situação:
2023 09 Parcelam/Div/Aj 2.327,45 14,19 18,89 2.360,53 2 3
2.327,45 14,19 18,89 2.360,53 TOTAL:
TOTAL ORIGEM: 2.327,45 14,19 18,89 2.360,53"
Imóvel,105.279.0351.002,105.279.0351.002,"Avenida UNIVERSITARIA      2045 SALA: 02 RESIDENCIAL ARAUJOVILLE, Qt.Qd.Lt.SubLt. 01 14/17","Dívida Parcelada Situação:
2023 09 Parcelamento DA 3.109,60 4,63 18,44 3.132,67 2 5
3.109,60 4,63 18,44 3.132,67 TOTAL:
TOTAL ORIGEM: 3.109,60 4,63 18,44 3.132,67"
Imóvel,105.322.0262.000,105.322.0262.000,"Rua TARSILA DO AMARAL         0 QD.13  LT.17 CONDOMÍNO RESIDENCIAL  BELAS ARTES, Qt.Qd.Lt.SubLt. 13 17","Dívida Parcelada Situação:
2023 09 Parcelamento DA 3.109,60 4,63 18,44 3.132,67 2 5
3.109,60 4,63 18,44 3.132,67 TOTAL:
TOTAL ORIGEM: 3.109,60 4,63 18,44 3.132,67"
Imóvel,105.350.0307.000,105.350.0307.000,"Rua GT 16         0 QD. 23 LT. 19 CONDOMÍNIO RESIDENCIAL GRAND TRIANON, Qt.Qd.Lt.SubLt. 23 19","Dívida Parcelada Situação:
2023 09 Parcelamento DA 3.109,60 4,63 18,44 3.132,67 2 5
3.109,60 4,63 18,44 3.132,67 TOTAL:
TOTAL ORIGEM: 3.109,60 4,63 18,44 3.132,67"
Imóvel,105.373.0166.000,105.373.0166.000,"Avenida CAMPOS DO JORDAO 01         0 QD.02 LT. 14 RESIDENCIAL CAMPOS DO JORDAO, Qt.Qd.Lt.SubLt. 02 14","Dívida Parcelada Situação:
2023 09 Parcelamento DA 3.109,60 4,63 18,44 3.132,67 2 5
3.109,60 4,63 18,44 3.132,67 TOTAL:
TOTAL ORIGEM: 3.109,60 4,63 18,44 3.132,67"
Imóvel,105.373.0334.000,105.373.0334.000,"Rua CJ-18         0 QD.02 LT. 23 RESIDENCIAL CAMPOS DO JORDAO, Qt.Qd.Lt.SubLt. 02 23","Dívida Parcelada Situação:
2023 09 Parcelamento DA 3.109,60 4,63 18,44 3.132,67 2 5
3.109,60 4,63 18,44 3.132,67 TOTAL:
TOTAL ORIGEM: 3.109,60 4,63 18,44 3.132,67"
Imóvel,105.373.0358.000,105.373.0358.000,"Rua CJ-18         0 QD.02 LT. 25 RESIDENCIAL CAMPOS DO JORDAO, Qt.Qd.Lt.SubLt. 02 25","Dívida Parcelada Situação:
2023 09 Parcelamento DA 3.109,60 4,63 18,44 3.132,67 2 5
3.109,60 4,63 18,44 3.132,67 TOTAL:
TOTAL ORIGEM: 3.109,60 4,63 18,44 3.132,67"
Imóvel,105.374.0090.000,105.374.0090.000,"Avenida CJ-02         0 QD.03 LT. 07 RESIDENCIAL CAMPOS DO JORDAO, Qt.Qd.Lt.SubLt. 03 07","Dívida Corrente Situação:
2023 01 CIP 26,52 2,12 5,30 33,94 1 0
2023 01 ITU 1.283,52 57,76 150,84 1.492,12 8 0
1.310,04 59,88 156,14 1.526,06 TOTAL:
TOTAL ORIGEM: 1.310,04 59,88 156,14 1.526,06"
Imóvel,105.374.0330.000,105.374.0330.000,"Rua CJ-18         0 QD.03 LT. 24 RESIDENCIAL CAMPOS DO JORDAO, Qt.Qd.Lt.SubLt. 03 24","Dívida Corrente Situação:
2023 01 CIP 26,52 2,12 5,30 33,94 1 0
2023 01 ITU 1.283,52 57,76 150,84 1.492,12 8 0
1.310,04 59,88 156,14 1.526,06 TOTAL:
TOTAL ORIGEM: 1.310,04 59,88 156,14 1.526,06"
Imóvel,105.377.0199.000,105.377.0199.000,"Avenida AV. CJ-01         0 QD.06 LT. 13 RESIDENCIAL CAMPOS DO JORDAO, Qt.Qd.Lt.SubLt. 06 13","Dívida Corrente Situação:
2023 01 CIP 26,52 2,12 5,30 33,94 1 0
2023 01 ITU 1.283,52 57,76 150,84 1.492,12 8 0
1.310,04 59,88 156,14 1.526,06 TOTAL:
TOTAL ORIGEM: 1.310,04 59,88 156,14 1.526,06"
Imóvel,105.377.0235.000,105.377.0235.000,"Avenida AV. CJ-01         0 QD.06 LT. 16 RESIDENCIAL CAMPOS DO JORDAO, Qt.Qd.Lt.SubLt. 06 16","Dívida Corrente Situação:
2023 01 CIP 26,52 2,12 5,30 33,94 1 0
2023 01 ITU 1.283,52 57,76 150,84 1.492,12 8 0
1.310,04 59,88 156,14 1.526,06 TOTAL:
TOTAL ORIGEM: 1.310,04 59,88 156,14 1.526,06"
Imóvel,105.382.0049.000,105.382.0049.000,"Rua CJ-06         0 QD.11 LT. 04 RESIDENCIAL CAMPOS DO JORDAO, Qt.Qd.Lt.SubLt. 11 04","Dívida Corrente Situação:
2023 01 ITU 320,88 4,81 16,05 341,74 2 0
320,88 4,81 16,05 341,74 TOTAL:
TOTAL ORIGEM: 320,88 4,81 16,05 341,74"
Imóvel,105.382.0109.000,105.382.0109.000,"Rua CJ-06         0 QD.11 LT. 09 RESIDENCIAL CAMPOS DO JORDAO, Qt.Qd.Lt.SubLt. 11 09","Dívida Corrente Situação:
2023 01 ITU 320,88 4,81 16,05 341,74 2 0
320,88 4,81 16,05 341,74 TOTAL:
TOTAL ORIGEM: 320,88 4,81 16,05 341,74"
Imóvel,105.382.0235.000,105.382.0235.000,"Rua CJ-05         0 QD.11 LT. 16 RESIDENCIAL CAMPOS DO JORDAO, Qt.Qd.Lt.SubLt. 11 16","Dívida Corrente Situação:
2023 01 ITU 320,88 4,81 16,05 341,74 2 0
320,88 4,81 16,05 341,74 TOTAL:
TOTAL ORIGEM: 320,88 4,81 16,05 341,74"
Imóvel,105.382.0247.000,105.382.0247.000,"Rua CJ-05         0 QD.11 LT. 17 RESIDENCIAL CAMPOS DO JORDAO, Qt.Qd.Lt.SubLt. 11 17","Dívida Corrente Situação:
2023 01 ITU 320,88 4,81 16,05 341,74 2 0
320,88 4,81 16,05 341,74 TOTAL:
TOTAL ORIGEM: 320,88 4,81 16,05 341,74"
Imóvel,105.383.0259.000,105.383.0259.000,"Rua CJ-06         0 QD.12 LT. 18 RESIDENCIAL CAMPOS DO JORDAO, Qt.Qd.Lt.SubLt. 12 18","Dívida Corrente Situação:
2023 01 ITU 320,88 4,81 16,05 341,74 2 0
320,88 4,81 16,05 341,74 TOTAL:
TOTAL ORIGEM: 320,88 4,81 16,05 341,74"
Imóvel,105.384.0133.000,105.384.0133.000,"Rua CJ-11         0 QD.13 LT. 11 RESIDENCIAL CAMPOS DO JORDAO, Qt.Qd.Lt.SubLt. 13 11","Dívida Corrente Situação:
2023 01 ITU 320,88 4,81 16,05 341,74 2 0
320,88 4,81 16,05 341,74 TOTAL:
TOTAL ORIGEM: 320,88 4,81 16,05 341,74"
Imóvel,105.387.0061.000,105.387.0061.000,"Rua CJ-14         0 QD.16 LT. 05 RESIDENCIAL CAMPOS DO JORDAO, Qt.Qd.Lt.SubLt. 16 05","Dívida Corrente Situação:
2023 01 CIP 31,80 2,54 6,36 40,70 1 0
2023 01 ITU 1.283,52 57,76 150,84 1.492,12 8 0
1.315,32 60,30 157,20 1.532,82 TOTAL:
TOTAL ORIGEM: 1.315,32 60,30 157,20 1.532,82"
Imóvel,105.388.0049.000,105.388.0049.000,"Rua CJ-15         0 QD.17 LT. 04 RESIDENCIAL CAMPOS DO JORDAO, Qt.Qd.Lt.SubLt. 17 04","Dívida Corrente Situação:
2023 01 CIP 31,80 2,54 6,36 40,70 1 0
2023 01 ITU 1.283,52 57,76 150,84 1.492,12 8 0
1.315,32 60,30 157,20 1.532,82 TOTAL:
TOTAL ORIGEM: 1.315,32 60,30 157,20 1.532,82"
Imóvel,105.389.0295.000,105.389.0295.000,"Rua CJ-15         0 QD.18 LT. 21 RESIDENCIAL CAMPOS DO JORDAO, Qt.Qd.Lt.SubLt. 18 21","Dívida Corrente Situação:
2023 01 CIP 31,80 2,54 6,36 40,70 1 0
2023 01 ITU 1.283,52 57,76 150,84 1.492,12 8 0
1.315,32 60,30 157,20 1.532,82 TOTAL:
TOTAL ORIGEM: 1.315,32 60,30 157,20 1.532,82"
Imóvel,105.391.0328.000,105.391.0328.000,"Rua CJ-17         0 QD.20 LT. 23 RESIDENCIAL CAMPOS DO JORDAO, Qt.Qd.Lt.SubLt. 20 23","Dívida Corrente Situação:
2023 01 CIP 31,80 2,54 6,36 40,70 1 0
2023 01 ITU 1.283,52 57,76 150,84 1.492,12 8 0
1.315,32 60,30 157,20 1.532,82 TOTAL:
TOTAL ORIGEM: 1.315,32 60,30 157,20 1.532,82"
Imóvel,105.392.0209.000,105.392.0209.000,"Rua CJ-22         0 QD.21 LT. 04 RESIDENCIAL CAMPOS DO JORDAO, Qt.Qd.Lt.SubLt. 21 04","Dívida Corrente Situação:
2023 01 CIP 31,80 2,54 6,36 40,70 1 0
2023 01 ITU 1.283,52 57,76 150,84 1.492,12 8 0
1.315,32 60,30 157,20 1.532,82 TOTAL:
TOTAL ORIGEM: 1.315,32 60,30 157,20 1.532,82"
Imóvel,105.392.0222.000,105.392.0222.000,"Rua CJ-22         0 QD.21 LT. 05 RESIDENCIAL CAMPOS DO JORDAO, Qt.Qd.Lt.SubLt. 21 05","Dívida Corrente Situação:
2023 01 CIP 31,80 2,54 6,36 40,70 1 0
2023 01 ITU 1.283,52 57,76 150,84 1.492,12 8 0
1.315,32 60,30 157,20 1.532,82 TOTAL:
TOTAL ORIGEM: 1.315,32 60,30 157,20 1.532,82"
Imóvel,105.392.0235.000,105.392.0235.000,"Rua CJ-22         0 QD.21 LT. 06 RESIDENCIAL CAMPOS DO JORDAO, Qt.Qd.Lt.SubLt. 21 06","Dívida Corrente Situação:
2023 01 CIP 26,52 2,12 5,30 33,94 1 0
2023 01 ITU 1.289,92 58,04 151,57 1.499,53 8 0
1.316,44 60,16 156,87 1.533,47 TOTAL:
TOTAL ORIGEM: 1.316,44 60,16 156,87 1.533,47"
Imóvel,105.393.0274.000,105.393.0274.000,"Rua CJ-24         0 QD.22 LT. 17 RESIDENCIAL CAMPOS DO JORDAO, Qt.Qd.Lt.SubLt. 22 17","Dívida Corrente Situação:
2023 01 CIP 26,52 2,12 5,30 33,94 1 0
2023 01 ITU 1.289,92 58,04 151,57 1.499,53 8 0
1.316,44 60,16 156,87 1.533,47 TOTAL:
TOTAL ORIGEM: 1.316,44 60,16 156,87 1.533,47"
Imóvel,105.394.0013.000,105.394.0013.000,"Rua CJ-24         0 QD.23 LT. 01 RESIDENCIAL CAMPOS DO JORDAO, Qt.Qd.Lt.SubLt. 23 01","Dívida Corrente Situação:
2023 01 CIP 26,52 2,12 5,30 33,94 1 0
2023 01 ITU 1.289,92 58,04 151,57 1.499,53 8 0
1.316,44 60,16 156,87 1.533,47 TOTAL:
TOTAL ORIGEM: 1.316,44 60,16 156,87 1.533,47"
Imóvel,105.394.0306.000,105.394.0306.000,"Rua CJ-25         0 QD.23 LT. 19 RESIDENCIAL CAMPOS DO JORDAO, Qt.Qd.Lt.SubLt. 23 19","Dívida Corrente Situação:
2023 01 CIP 26,52 2,12 5,30 33,94 1 0
2023 01 ITU 1.289,92 58,04 151,57 1.499,53 8 0
1.316,44 60,16 156,87 1.533,47 TOTAL:
TOTAL ORIGEM: 1.316,44 60,16 156,87 1.533,47"
Imóvel,105.396.0223.000,105.396.0223.000,"Rua CJ-14         0 QD. 25 LT. 15 RESIDENCIAL CAMPOS DO JORDAO, Qt.Qd.Lt.SubLt. 25 15","Dívida Corrente Situação:
2023 01 CIP 26,52 2,12 5,30 33,94 1 0
2023 01 ITU 1.289,92 58,04 151,57 1.499,53 8 0
1.316,44 60,16 156,87 1.533,47 TOTAL:
TOTAL ORIGEM: 1.316,44 60,16 156,87 1.533,47"
Imóvel,105.398.0066.000,105.398.0066.000,"Rua CJ-13         0 QD.27 LT. 03 RESIDENCIAL CAMPOS DO JORDAO, Qt.Qd.Lt.SubLt. 27 03","Dívida Corrente Situação:
2023 01 CIP 26,52 2,12 5,30 33,94 1 0
2023 01 ITU 1.283,52 57,76 150,84 1.492,12 8 0
1.310,04 59,88 156,14 1.526,06 TOTAL:
TOTAL ORIGEM: 1.310,04 59,88 156,14 1.526,06"
Imóvel,105.405.0165.000,105.405.0165.000,"Avenida CJ-02         0 QD.34 LT. 09 RESIDENCIAL CAMPOS DO JORDAO, Qt.Qd.Lt.SubLt. 34 09","Dívida Corrente Situação:
2023 01 CIP 26,52 2,12 5,30 33,94 1 0
2023 01 ITU 1.283,52 57,76 150,84 1.492,12 8 0
1.310,04 59,88 156,14 1.526,06 TOTAL:
TOTAL ORIGEM: 1.310,04 59,88 156,14 1.526,06"
Imóvel,105.407.0274.000,105.407.0274.000,"Avenida CAMPOS DO JORDAO 01         0 QD.36 LT. 18 RESIDENCIAL CAMPOS DO JORDAO, Qt.Qd.Lt.SubLt. 36 18","Dívida Corrente Situação:
2023 01 CIP 26,52 2,12 5,30 33,94 1 0
2023 01 ITU 1.283,52 57,76 150,84 1.492,12 8 0
1.310,04 59,88 156,14 1.526,06 TOTAL:
TOTAL ORIGEM: 1.310,04 59,88 156,14 1.526,06"
Imóvel,105.407.0289.000,105.407.0289.000,"Avenida CAMPOS DO JORDAO 01         0 QD.36 LT. 19 RESIDENCIAL CAMPOS DO JORDAO, Qt.Qd.Lt.SubLt. 36 19","Dívida Corrente Situação:
2023 01 CIP 26,52 2,12 5,30 33,94 1 0
2023 01 ITU 1.283,52 57,76 150,84 1.492,12 8 0
1.310,04 59,88 156,14 1.526,06 TOTAL:
TOTAL ORIGEM: 1.310,04 59,88 156,14 1.526,06"
Imóvel,105.408.0116.000,105.408.0116.000,"Rua CJ-25         0 QD.37 LT. 09 RESIDENCIAL CAMPOS DO JORDAO, Qt.Qd.Lt.SubLt. 37 09","Dívida Corrente Situação:
2023 01 CIP 26,52 2,12 5,30 33,94 1 0
2023 01 ITU 1.283,52 57,76 150,84 1.492,12 8 0
1.310,04 59,88 156,14 1.526,06 TOTAL:
TOTAL ORIGEM: 1.310,04 59,88 156,14 1.526,06"
Imóvel,105.409.0090.000,105.409.0090.000,"Rua CJ-25         0 QD.38 LT. 07 RESIDENCIAL CAMPOS DO JORDAO, Qt.Qd.Lt.SubLt. 38 07","Dívida Corrente Situação:
2023 01 CIP 26,52 2,12 5,30 33,94 1 0
2023 01 ITU 1.283,52 57,76 150,84 1.492,12 8 0
1.310,04 59,88 156,14 1.526,06 TOTAL:
TOTAL ORIGEM: 1.310,04 59,88 156,14 1.526,06"
Imóvel,105.409.0458.000,105.409.0458.000,"Avenida CAMPOS DO JORDAO 01         0 QD.38 LT. 33 RESIDENCIAL CAMPOS DO JORDAO, Qt.Qd.Lt.SubLt. 38 33","Dívida Corrente Situação:
2023 01 CIP 26,52 2,12 5,30 33,94 1 0
2023 01 ITU 1.283,52 57,76 150,84 1.492,12 8 0
1.310,04 59,88 156,14 1.526,06 TOTAL:
TOTAL ORIGEM: 1.310,04 59,88 156,14 1.526,06"
Imóvel,105.411.0358.000,105.411.0358.000,"Avenida CAMPOS DO JORDAO 01         0 QD.40 LT. 25 RESIDENCIAL CAMPOS DO JORDAO, Qt.Qd.Lt.SubLt. 40 25","Dívida Corrente Situação:
2023 01 CIP 26,52 2,12 5,30 33,94 1 0
2023 01 ITU 1.283,52 57,76 150,84 1.492,12 8 0
1.310,04 59,88 156,14 1.526,06 TOTAL:
TOTAL ORIGEM: 1.310,04 59,88 156,14 1.526,06"
Imóvel,105.412.0117.000,105.412.0117.000,"Rua CJ-25         0 QD.41 LT. 09 RESIDENCIAL CAMPOS DO JORDAO, Qt.Qd.Lt.SubLt. 41 09","Dívida Corrente Situação:
2023 01 CIP 26,52 2,12 5,30 33,94 1 0
2023 01 ITU 1.283,52 57,76 150,84 1.492,12 8 0
1.310,04 59,88 156,14 1.526,06 TOTAL:
TOTAL ORIGEM: 1.310,04 59,88 156,14 1.526,06"
Imóvel,105.414.0298.000,105.414.0298.000,"Rua CJ-26         0 QD.43 LT. 20 RESIDENCIAL CAMPOS DO JORDAO, Qt.Qd.Lt.SubLt. 43 20","Dívida Corrente Situação:
2023 01 CIP 26,52 2,12 5,30 33,94 1 0
2023 01 ITU 1.283,52 57,76 150,84 1.492,12 8 0
1.310,04 59,88 156,14 1.526,06 TOTAL:
TOTAL ORIGEM: 1.310,04 59,88 156,14 1.526,06"
Imóvel,105.418.0015.000,105.418.0015.000,"Avenida CAMPOS DO JORDAO 01         0 QD.47 LT. 01 RESIDENCIAL CAMPOS DO JORDAO, Qt.Qd.Lt.SubLt. 47 01","Dívida Corrente Situação:
2023 01 CIP 26,52 2,12 5,30 33,94 1 0
2023 01 ITU 1.283,52 57,76 150,84 1.492,12 8 0
1.310,04 59,88 156,14 1.526,06 TOTAL:
TOTAL ORIGEM: 1.310,04 59,88 156,14 1.526,06"
Imóvel,105.419.0025.000,105.419.0025.000,"Avenida CAMPOS DO JORDAO 01         0 QD.48 LT. 01 RESIDENCIAL CAMPOS DO JORDAO, Qt.Qd.Lt.SubLt. 48 01","Dívida Corrente Situação:
2023 01 CIP 26,52 2,12 5,30 33,94 1 0
2023 01 ITU 1.283,52 57,76 150,84 1.492,12 8 0
1.310,04 59,88 156,14 1.526,06 TOTAL:
TOTAL ORIGEM: 1.310,04 59,88 156,14 1.526,06"
Imóvel,105.420.0059.000,105.420.0059.000,"Rua CJ-29         0 QD.49 LT. 02 RESIDENCIAL CAMPOS DO JORDAO, Qt.Qd.Lt.SubLt. 49 02","Dívida Corrente Situação:
2023 01 CIP 26,52 2,12 5,30 33,94 1 0
2023 01 ITU 1.283,52 57,76 150,84 1.492,12 8 0
1.310,04 59,88 156,14 1.526,06 TOTAL:
TOTAL ORIGEM: 1.310,04 59,88 156,14 1.526,06"
Imóvel,105.421.0148.000,105.421.0148.000,"Rua CJ-30         0 QD.50 LT. 06 RESIDENCIAL CAMPOS DO JORDAO, Qt.Qd.Lt.SubLt. 50 06","Dívida Corrente Situação:
2023 01 CIP 26,52 2,12 5,30 33,94 1 0
2023 01 ITU 1.283,52 57,76 150,84 1.492,12 8 0
1.310,04 59,88 156,14 1.526,06 TOTAL:
TOTAL ORIGEM: 1.310,04 59,88 156,14 1.526,06"
Imóvel,105.426.0070.000,105.426.0070.000,"Rua CJ-35         0 QD.55 LT. 03 RESIDENCIAL CAMPOS DO JORDAO, Qt.Qd.Lt.SubLt. 55 03","Dívida Corrente Situação:
2023 01 CIP 26,52 2,12 5,30 33,94 1 0
2023 01 ITU 1.711,36 77,02 201,06 1.989,44 8 0
1.737,88 79,14 206,36 2.023,38 TOTAL:
TOTAL ORIGEM: 1.737,88 79,14 206,36 2.023,38"
Imóvel,105.427.0077.000,105.427.0077.000,"Avenida CAMPOS DO JORDAO 01         0 APM 01 RESIDENCIAL CAMPOS DO JORDAO, Qt.Qd.Lt.SubLt. 00 APM 01","Dívida Corrente Situação:
2023 01 CIP 26,52 2,12 5,30 33,94 1 0
2023 01 ITU 1.711,36 77,02 201,06 1.989,44 8 0
1.737,88 79,14 206,36 2.023,38 TOTAL:
TOTAL ORIGEM: 1.737,88 79,14 206,36 2.023,38"
Imóvel,105.428.0040.000,105.428.0040.000,"Rua CJ - 08         0 APM 02 RESIDENCIAL CAMPOS DO JORDAO, Qt.Qd.Lt.SubLt. 00 APM 02","Dívida Corrente Situação:
2023 01 CIP 26,52 2,12 5,30 33,94 1 0
2023 01 ITU 1.711,36 77,02 201,06 1.989,44 8 0
1.737,88 79,14 206,36 2.023,38 TOTAL:
TOTAL ORIGEM: 1.737,88 79,14 206,36 2.023,38"
Imóvel,105.429.0040.000,105.429.0040.000,"Rua CJ- 07         0 APM 03 RESIDENCIAL CAMPOS DO JORDAO, Qt.Qd.Lt.SubLt. 00 APM 03","Dívida Corrente Situação:
2023 01 CIP 26,52 2,12 5,30 33,94 1 0
2023 01 ITU 1.711,36 77,02 201,06 1.989,44 8 0
1.737,88 79,14 206,36 2.023,38 TOTAL:
TOTAL ORIGEM: 1.737,88 79,14 206,36 2.023,38"
Imóvel,105.430.0040.000,105.430.0040.000,"Rua CJ - 08         0 APM 04 RESIDENCIAL CAMPOS DO JORDAO, Qt.Qd.Lt.SubLt. 00 APM 04","Dívida Corrente Situação:
2023 01 CIP 26,52 2,12 5,30 33,94 1 0
2023 01 ITU 1.711,36 77,02 201,06 1.989,44 8 0
1.737,88 79,14 206,36 2.023,38 TOTAL:
TOTAL ORIGEM: 1.737,88 79,14 206,36 2.023,38"
Imóvel,105.431.0040.000,105.431.0040.000,"Rua CJ- 07         0 AREA APM 05 RESIDENCIAL CAMPOS DO JORDAO, Qt.Qd.Lt.SubLt. 00 APM 05","Dívida Corrente Situação:
2023 01 CIP 26,52 2,12 5,30 33,94 1 0
2023 01 ITU 35.175,84 1.582,92 4.133,18 40.891,94 8 0
35.202,36 1.585,04 4.138,48 40.925,88 TOTAL:
Dívida Ativa Situação:
2022 01 CIP - DA 24,27 3,88 4,85 33,00 1 0
2022 01 ITU - DA 35.175,86 5.628,14 7.035,17 47.839,17 1 0
35.200,13 5.632,02 7.040,02 47.872,17 TOTAL:
TOTAL ORIGEM: 70.402,49 7.217,06 11.178,50 88.798,05"
Imóvel,105.432.0109.000,105.432.0109.000,"Rua CJ-16         0 APM 06 RESIDENCIAL CAMPOS DO JORDAO, Qt.Qd.Lt.SubLt. 00 APM 06","Dívida Corrente Situação:
2023 01 CIP 26,52 2,12 5,30 33,94 1 0
2023 01 ITU 35.175,84 1.582,92 4.133,18 40.891,94 8 0
35.202,36 1.585,04 4.138,48 40.925,88 TOTAL:
Dívida Ativa Situação:
2022 01 CIP - DA 24,27 3,88 4,85 33,00 1 0
2022 01 ITU - DA 35.175,86 5.628,14 7.035,17 47.839,17 1 0
35.200,13 5.632,02 7.040,02 47.872,17 TOTAL:
TOTAL ORIGEM: 70.402,49 7.217,06 11.178,50 88.798,05"
Imóvel,105.433.0073.000,105.433.0073.000,"Rua CJ- 28         0 APM 07 RESIDENCIAL CAMPOS DO JORDAO, Qt.Qd.Lt.SubLt. 00 APM 07","Dívida Corrente Situação:
2023 01 CIP 26,52 2,12 5,30 33,94 1 0
2023 01 ITU 35.175,84 1.582,92 4.133,18 40.891,94 8 0
35.202,36 1.585,04 4.138,48 40.925,88 TOTAL:
Dívida Ativa Situação:
2022 01 CIP - DA 24,27 3,88 4,85 33,00 1 0
2022 01 ITU - DA 35.175,86 5.628,14 7.035,17 47.839,17 1 0
35.200,13 5.632,02 7.040,02 47.872,17 TOTAL:
TOTAL ORIGEM: 70.402,49 7.217,06 11.178,50 88.798,05"
Imóvel,105.434.0030.000,105.434.0030.000,"Rua CJ- 20         0 AREA APM 08 RESIDENCIAL CAMPOS DO JORDAO, Qt.Qd.Lt.SubLt. 00 APM08","Dívida Corrente Situação:
2023 01 CIP 26,52 2,12 5,30 33,94 1 0
2023 01 ITU 35.175,84 1.582,92 4.133,18 40.891,94 8 0
35.202,36 1.585,04 4.138,48 40.925,88 TOTAL:
Dívida Ativa Situação:
2022 01 CIP - DA 24,27 3,88 4,85 33,00 1 0
2022 01 ITU - DA 35.175,86 5.628,14 7.035,17 47.839,17 1 0
35.200,13 5.632,02 7.040,02 47.872,17 TOTAL:
TOTAL ORIGEM: 70.402,49 7.217,06 11.178,50 88.798,05"
Imóvel,105.435.0040.000,105.435.0040.000,"Avenida CAMPOS DO JORDAO 01         0 AREA APM 09 RESIDENCIAL CAMPOS DO JORDAO, Qt.Qd.Lt.SubLt. 00 APM 09","Dívida Corrente Situação:
2023 01 CIP 26,52 2,12 5,30 33,94 1 0
2023 01 ITU 10.355,84 466,00 1.216,83 12.038,67 8 0
10.382,36 468,12 1.222,13 12.072,61 TOTAL:
Dívida Ativa Situação:
2022 01 CIP - DA 24,27 3,88 4,85 33,00 1 0
2022 01 ITU - DA 10.355,86 1.656,94 2.071,17 14.083,97 1 0
10.380,13 1.660,82 2.076,02 14.116,97 TOTAL:
TOTAL ORIGEM: 20.762,49 2.128,94 3.298,15 26.189,58"
Imóvel,105.435.0205.000,105.435.0205.000,"Avenida CAMPOS DO JORDAO 02         0 APP 01 RESIDENCIAL CAMPOS DO JORDAO, Qt.Qd.Lt.SubLt. 00 AREA APP01","Dívida Corrente Situação:
2023 01 CIP 26,52 2,12 5,30 33,94 1 0
2023 01 ITU 10.355,84 466,00 1.216,83 12.038,67 8 0
10.382,36 468,12 1.222,13 12.072,61 TOTAL:
Dívida Ativa Situação:
2022 01 CIP - DA 24,27 3,88 4,85 33,00 1 0
2022 01 ITU - DA 10.355,86 1.656,94 2.071,17 14.083,97 1 0
10.380,13 1.660,82 2.076,02 14.116,97 TOTAL:
TOTAL ORIGEM: 20.762,49 2.128,94 3.298,15 26.189,58"
Imóvel,105.435.0399.000,105.435.0399.000,"Avenida CAMPOS DO JORDAO 02         0 APM 10 RESIDENCIAL CAMPOS DO JORDAO, Qt.Qd.Lt.SubLt. 00 APM 10","Dívida Corrente Situação:
2023 01 CIP 26,52 2,12 5,30 33,94 1 0
2023 01 ITU 10.355,84 466,00 1.216,83 12.038,67 8 0
10.382,36 468,12 1.222,13 12.072,61 TOTAL:
Dívida Ativa Situação:
2022 01 CIP - DA 24,27 3,88 4,85 33,00 1 0
2022 01 ITU - DA 10.355,86 1.656,94 2.071,17 14.083,97 1 0
10.380,13 1.660,82 2.076,02 14.116,97 TOTAL:
TOTAL ORIGEM: 20.762,49 2.128,94 3.298,15 26.189,58"
Imóvel,106.027.0012.000,106.027.0012.000,"Avenida AGLAIA DE ARAUJO         0 QD. 02 LT. 01 RESIDENCIAL FLOR DO CERRADO 1ª e 2ª ETAPA, Qt.Qd.Lt.SubLt. 02 01","Dívida Corrente Situação:
2023 01 CIP 26,52 2,12 5,30 33,94 1 0
2023 01 ITU 10.355,84 466,00 1.216,83 12.038,67 8 0
10.382,36 468,12 1.222,13 12.072,61 TOTAL:
Dívida Ativa Situação:
2022 01 CIP - DA 24,27 3,88 4,85 33,00 1 0
2022 01 ITU - DA 10.355,86 1.656,94 2.071,17 14.083,97 1 0
10.380,13 1.660,82 2.076,02 14.116,97 TOTAL:
TOTAL ORIGEM: 20.762,49 2.128,94 3.298,15 26.189,58"
Imóvel,106.027.0407.000,106.027.0407.000,"Avenida AGLAIA DE ARAUJO         0 QD. 02 LT. 27 RESIDENCIAL FLOR DO CERRADO 1ª e 2ª ETAPA, Qt.Qd.Lt.SubLt. 02 27","Dívida Corrente Situação:
2023 05 Capinação e Roç 294,47 14,72 23,56 332,75 1 0
2023 02 Capinação e Roç 294,47 17,67 58,89 371,03 1 0
588,94 32,39 82,45 703,78 TOTAL:
Dívida Ativa Situação:
2022 07 Capin. RoçaD.A 277,15 30,49 55,43 363,07 1 0
277,15 30,49 55,43 363,07 TOTAL:
TOTAL ORIGEM: 866,09 62,88 137,88 1.066,85"
Imóvel,106.029.0109.000,106.029.0109.000,"Avenida AGLAIA DE ARAUJO         0 QD.04  LT.25 RESIDENCIAL FLOR DO CERRADO 1ª e 2ª ETAPA, Qt.Qd.Lt.SubLt. 04 25","Dívida Corrente Situação:
2023 05 Capinação e Roç 294,47 14,72 23,56 332,75 1 0
2023 02 Capinação e Roç 294,47 17,67 58,89 371,03 1 0
588,94 32,39 82,45 703,78 TOTAL:
Dívida Ativa Situação:
2022 07 Capin. RoçaD.A 277,15 30,49 55,43 363,07 1 0
277,15 30,49 55,43 363,07 TOTAL:
TOTAL ORIGEM: 866,09 62,88 137,88 1.066,85"
Imóvel,106.029.0244.000,106.029.0244.000,"Rua FC-07         0 QD.04  LT.03 RESIDENCIAL FLOR DO CERRADO 1ª e 2ª ETAPA, Qt.Qd.Lt.SubLt. 04 03","Dívida Corrente Situação:
2023 05 Capinação e Roç 294,47 14,72 23,56 332,75 1 0
2023 02 Capinação e Roç 294,47 17,67 58,89 371,03 1 0
588,94 32,39 82,45 703,78 TOTAL:
Dívida Ativa Situação:
2022 07 Capin. RoçaD.A 277,15 30,49 55,43 363,07 1 0
277,15 30,49 55,43 363,07 TOTAL:
TOTAL ORIGEM: 866,09 62,88 137,88 1.066,85"
Imóvel,106.029.0256.000,106.029.0256.000,"Rua FC-07         0 QD.04  LT.04 RESIDENCIAL FLOR DO CERRADO 1ª e 2ª ETAPA, Qt.Qd.Lt.SubLt. 04 04","Dívida Corrente Situação:
2023 05 Capinação e Roç 294,47 14,72 23,56 332,75 1 0
2023 02 Capinação e Roç 294,47 17,67 58,89 371,03 1 0
588,94 32,39 82,45 703,78 TOTAL:
Dívida Ativa Situação:
2022 07 Capin. RoçaD.A 277,15 30,49 55,43 363,07 1 0
277,15 30,49 55,43 363,07 TOTAL:
TOTAL ORIGEM: 866,09 62,88 137,88 1.066,85"
Imóvel,106.030.0393.000,106.030.0393.000,"Rua FC-07         0 QD.05 LT. 26 RESIDENCIAL FLOR DO CERRADO 1ª e 2ª ETAPA, Qt.Qd.Lt.SubLt. 05 26","Dívida Corrente Situação:
2023 01 CIP 26,52 2,12 5,30 33,94 1 0
2023 01 ITU 1.791,76 80,64 210,53 2.082,93 8 0
1.818,28 82,76 215,83 2.116,87 TOTAL:
Dívida Ativa Situação:
2019 02 Capin. RoçaD.A 244,95 124,92 48,99 418,86 1 0
2021 01 CIP - DA 29,61 9,18 5,92 44,71 1 0
2021 01 ITU - DA 1.614,20 500,40 322,84 2.437,44 1 0
2022 01 CIP - DA 24,27 4,85 4,85 33,97 1 0
2022 01 ITU - DA 1.791,78 358,36 358,36 2.508,50 1 0
2022 10 Saldo Parc. D.A 1.318,76 617,43 225,56 2.161,75 1 0
5.023,57 1.615,14 966,52 7.605,23 TOTAL:
TOTAL ORIGEM: 6.841,85 1.697,90 1.182,35 9.722,10"
Imóvel,106.054.0334.000,106.054.0334.000,"Rua FC-15          S/N QD: 29 LT: 24 RESIDENCIAL FLOR DO CERRADO 1ª e 2ª ETAPA, Qt.Qd.Lt.SubLt. 29 24","Dívida Corrente Situação:
2023 01 CIP 26,52 2,12 5,30 33,94 1 0
2023 01 ITU 1.791,76 80,64 210,53 2.082,93 8 0
1.818,28 82,76 215,83 2.116,87 TOTAL:
Dívida Ativa Situação:
2019 02 Capin. RoçaD.A 244,95 124,92 48,99 418,86 1 0
2021 01 CIP - DA 29,61 9,18 5,92 44,71 1 0
2021 01 ITU - DA 1.614,20 500,40 322,84 2.437,44 1 0
2022 01 CIP - DA 24,27 4,85 4,85 33,97 1 0
2022 01 ITU - DA 1.791,78 358,36 358,36 2.508,50 1 0
2022 10 Saldo Parc. D.A 1.318,76 617,43 225,56 2.161,75 1 0
5.023,57 1.615,14 966,52 7.605,23 TOTAL:
TOTAL ORIGEM: 6.841,85 1.697,90 1.182,35 9.722,10"
Imóvel,107.488.0366.000,107.488.0366.000,"Rua RA 02         0 QD. 04 LT. 21A RESIDENCIAL ARAGUAIA, Qt.Qd.Lt.SubLt. 04 21A","Dívida Corrente Situação:
2023 01 CIP 26,52 2,12 5,30 33,94 1 0
2023 01 ITU 1.791,76 80,64 210,53 2.082,93 8 0
1.818,28 82,76 215,83 2.116,87 TOTAL:
Dívida Ativa Situação:
2019 02 Capin. RoçaD.A 244,95 124,92 48,99 418,86 1 0
2021 01 CIP - DA 29,61 9,18 5,92 44,71 1 0
2021 01 ITU - DA 1.614,20 500,40 322,84 2.437,44 1 0
2022 01 CIP - DA 24,27 4,85 4,85 33,97 1 0
2022 01 ITU - DA 1.791,78 358,36 358,36 2.508,50 1 0
2022 10 Saldo Parc. D.A 1.318,76 617,43 225,56 2.161,75 1 0
5.023,57 1.615,14 966,52 7.605,23 TOTAL:
TOTAL ORIGEM: 6.841,85 1.697,90 1.182,35 9.722,10"
Imóvel,107.488.0390.002,107.488.0390.002,"Rua RA 02          -777 QD. 04 LT. 21C RESIDENCIAL ARAGUAIA, Qt.Qd.Lt.SubLt. 04 21C","Dívida Corrente Situação:
2023 01 CIP 26,52 2,12 5,30 33,94 1 0
2023 01 ITU 1.791,76 80,64 210,53 2.082,93 8 0
1.818,28 82,76 215,83 2.116,87 TOTAL:
Dívida Ativa Situação:
2019 02 Capin. RoçaD.A 244,95 124,92 48,99 418,86 1 0
2021 01 CIP - DA 29,61 9,18 5,92 44,71 1 0
2021 01 ITU - DA 1.614,20 500,40 322,84 2.437,44 1 0
2022 01 CIP - DA 24,27 4,85 4,85 33,97 1 0
2022 01 ITU - DA 1.791,78 358,36 358,36 2.508,50 1 0
2022 10 Saldo Parc. D.A 1.318,76 617,43 225,56 2.161,75 1 0
5.023,57 1.615,14 966,52 7.605,23 TOTAL:
TOTAL ORIGEM: 6.841,85 1.697,90 1.182,35 9.722,10"
Imóvel,107.533.0338.001,107.533.0338.001,"Rua MOGNO 0 QD.31 LT.30 JARDIM DOS IPES, Qt.Qd.Lt.SubLt. 31 30","Dívida Ativa Situação:
2022 01 IPTU - DA 205,00 41,00 41,00 287,00 1 0
2022 01 TSU - DA 50,67 10,14 10,14 70,95 1 0
255,67 51,14 51,14 357,95 TOTAL:
TOTAL ORIGEM: 255,67 51,14 51,14 357,95"
Imóvel,107.533.0338.002,107.533.0338.002,"Rua MOGNO 0 QD.31 LT.30 JARDIM DOS IPES, Qt.Qd.Lt.SubLt. 31 30","Dívida Ativa Situação:
2022 01 IPTU - DA 205,00 41,00 41,00 287,00 1 0
2022 01 TSU - DA 50,67 10,14 10,14 70,95 1 0
255,67 51,14 51,14 357,95 TOTAL:
TOTAL ORIGEM: 255,67 51,14 51,14 357,95"
Imóvel,107.539.0331.000,107.539.0331.000,"Rua ACACIA          S/N QD: 37 LT: 5-C JARDIM DOS IPES, Qt.Qd.Lt.SubLt. 37 5-C","Dívida Ativa Situação:
2022 01 IPTU - DA 205,00 41,00 41,00 287,00 1 0
2022 01 TSU - DA 50,67 10,14 10,14 70,95 1 0
255,67 51,14 51,14 357,95 TOTAL:
TOTAL ORIGEM: 255,67 51,14 51,14 357,95"
Imóvel,107.539.0345.000,107.539.0345.000,"Rua ARAUCARIA         0 QD. 37 LT. 05B JARDIM DOS IPES, Qt.Qd.Lt.SubLt. 37 05B","Dívida Ativa Situação:
2022 01 IPTU - DA 205,00 41,00 41,00 287,00 1 0
2022 01 TSU - DA 50,67 10,14 10,14 70,95 1 0
255,67 51,14 51,14 357,95 TOTAL:
TOTAL ORIGEM: 255,67 51,14 51,14 357,95"
Imóvel,107.548.0027.000,107.548.0027.000,"Rua ACACIA         0 QD. 45, LT. 15 JARDIM DOS IPES, Qt.Qd.Lt.SubLt. 45 15","Dívida Corrente Situação:
2023 01 IPTU 273,46 20,51 54,70 348,67 2 0
2023 01 TSU 51,10 4,09 10,22 65,41 1 0
324,56 24,60 64,92 414,08 TOTAL:
Dívida Ativa Situação:
2021 01 IPTU - DA 262,32 81,32 52,46 396,10 1 0
2021 01 TSU - DA 59,75 18,52 11,95 90,22 1 0
2022 01 IPTU - DA 273,45 54,69 54,69 382,83 1 0
2022 03 Saldo Parc. D.A 499,73 350,98 78,92 929,63 1 0
2022 03 Saldo Parc. D.A 390,41 181,05 66,77 638,23 1 0
2022 01 TSU - DA 54,11 10,82 10,82 75,75 1 0
1.539,77 697,38 275,61 2.512,76 TOTAL:
TOTAL ORIGEM: 1.864,33 721,98 340,53 2.926,84"
Imóvel,107.548.0063.001,107.548.0063.001,"Avenida RAIMUNDO CARLOS SILVA 0 QD.45, LT.18 JARDIM DOS IPES, Qt.Qd.Lt.SubLt. 45 18","Dívida Corrente Situação:
2023 01 IPTU 273,46 20,51 54,70 348,67 2 0
2023 01 TSU 51,10 4,09 10,22 65,41 1 0
324,56 24,60 64,92 414,08 TOTAL:
Dívida Ativa Situação:
2021 01 IPTU - DA 262,32 81,32 52,46 396,10 1 0
2021 01 TSU - DA 59,75 18,52 11,95 90,22 1 0
2022 01 IPTU - DA 273,45 54,69 54,69 382,83 1 0
2022 03 Saldo Parc. D.A 499,73 350,98 78,92 929,63 1 0
2022 03 Saldo Parc. D.A 390,41 181,05 66,77 638,23 1 0
2022 01 TSU - DA 54,11 10,82 10,82 75,75 1 0
1.539,77 697,38 275,61 2.512,76 TOTAL:
TOTAL ORIGEM: 1.864,33 721,98 340,53 2.926,84"
Imóvel,107.548.0077.001,107.548.0077.001,"Avenida RAIMUNDO CARLOS SILVA 0 QD. 45, LT. 19 JARDIM DOS IPES, Qt.Qd.Lt.SubLt. 45 19","Dívida Corrente Situação:
2023 01 IPTU 273,46 20,51 54,70 348,67 2 0
2023 01 TSU 51,10 4,09 10,22 65,41 1 0
324,56 24,60 64,92 414,08 TOTAL:
Dívida Ativa Situação:
2021 01 IPTU - DA 262,32 81,32 52,46 396,10 1 0
2021 01 TSU - DA 59,75 18,52 11,95 90,22 1 0
2022 01 IPTU - DA 273,45 54,69 54,69 382,83 1 0
2022 03 Saldo Parc. D.A 499,73 350,98 78,92 929,63 1 0
2022 03 Saldo Parc. D.A 390,41 181,05 66,77 638,23 1 0
2022 01 TSU - DA 54,11 10,82 10,82 75,75 1 0
1.539,77 697,38 275,61 2.512,76 TOTAL:
TOTAL ORIGEM: 1.864,33 721,98 340,53 2.926,84"
Imóvel,107.548.0109.000,107.548.0109.000,"Avenida RAIMUNDO CARLOS SILVA         0 QD. 45, LT. 21 JARDIM DOS IPES, Qt.Qd.Lt.SubLt. 45 21","Dívida Corrente Situação:
2023 01 IPTU 273,46 20,51 54,70 348,67 2 0
2023 01 TSU 51,10 4,09 10,22 65,41 1 0
324,56 24,60 64,92 414,08 TOTAL:
Dívida Ativa Situação:
2021 01 IPTU - DA 262,32 81,32 52,46 396,10 1 0
2021 01 TSU - DA 59,75 18,52 11,95 90,22 1 0
2022 01 IPTU - DA 273,45 54,69 54,69 382,83 1 0
2022 03 Saldo Parc. D.A 499,73 350,98 78,92 929,63 1 0
2022 03 Saldo Parc. D.A 390,41 181,05 66,77 638,23 1 0
2022 01 TSU - DA 54,11 10,82 10,82 75,75 1 0
1.539,77 697,38 275,61 2.512,76 TOTAL:
TOTAL ORIGEM: 1.864,33 721,98 340,53 2.926,84"
Imóvel,107.548.0157.001,107.548.0157.001,"Avenida RAIMUNDO CARLOS SILVA 0 QD. 45, LT. 02 JARDIM DOS IPES, Qt.Qd.Lt.SubLt. 45 02","Dívida Corrente Situação:
2023 01 IPTU 578,72 37,61 98,39 714,72 4 0
2023 01 TSU 139,82 11,19 27,97 178,98 1 0
718,54 48,80 126,36 893,70 TOTAL:
Dívida Ativa Situação:
2022 01 IPTU - DA 578,72 115,74 115,74 810,20 1 0
2022 01 Saldo Parc. D.A 640,44 372,02 109,54 1.122,00 1 0
2022 01 TSU - DA 148,07 29,61 29,61 207,29 1 0
1.367,23 517,37 254,89 2.139,49 TOTAL:
TOTAL ORIGEM: 2.085,77 566,17 381,25 3.033,19"
Imóvel,107.548.0470.000,107.548.0470.000,"Rua RA 26         0 QD. 45, LT. 12 JARDIM DOS IPES, Qt.Qd.Lt.SubLt. 45 12","Dívida Corrente Situação:
2023 01 IPTU 578,72 37,61 98,39 714,72 4 0
2023 01 TSU 139,82 11,19 27,97 178,98 1 0
718,54 48,80 126,36 893,70 TOTAL:
Dívida Ativa Situação:
2022 01 IPTU - DA 578,72 115,74 115,74 810,20 1 0
2022 01 Saldo Parc. D.A 640,44 372,02 109,54 1.122,00 1 0
2022 01 TSU - DA 148,07 29,61 29,61 207,29 1 0
1.367,23 517,37 254,89 2.139,49 TOTAL:
TOTAL ORIGEM: 2.085,77 566,17 381,25 3.033,19"
Imóvel,107.552.0235.001,107.552.0235.001,"Avenida PERIMETRAL 0 ANT.AREA PUBL. PARQUE RESIDENCIAL DAS FLORES, Qt.Qd.Lt.SubLt. 30A 04","Dívida Corrente Situação:
2023 01 IPTU 578,72 37,61 98,39 714,72 4 0
2023 01 TSU 139,82 11,19 27,97 178,98 1 0
718,54 48,80 126,36 893,70 TOTAL:
Dívida Ativa Situação:
2022 01 IPTU - DA 578,72 115,74 115,74 810,20 1 0
2022 01 Saldo Parc. D.A 640,44 372,02 109,54 1.122,00 1 0
2022 01 TSU - DA 148,07 29,61 29,61 207,29 1 0
1.367,23 517,37 254,89 2.139,49 TOTAL:
TOTAL ORIGEM: 2.085,77 566,17 381,25 3.033,19"
Imóvel,107.587.0020.001,107.587.0020.001,"Rua FLAMBOYANT 0 QD. 02 LT. 07 RESIDENCIAL PORTAL DO CERRADO, Qt.Qd.Lt.SubLt. 02 07","Dívida Corrente Situação:
2023 01 IPTU 578,72 37,61 98,39 714,72 4 0
2023 01 TSU 139,82 11,19 27,97 178,98 1 0
718,54 48,80 126,36 893,70 TOTAL:
Dívida Ativa Situação:
2022 01 IPTU - DA 578,72 115,74 115,74 810,20 1 0
2022 01 Saldo Parc. D.A 640,44 372,02 109,54 1.122,00 1 0
2022 01 TSU - DA 148,07 29,61 29,61 207,29 1 0
1.367,23 517,37 254,89 2.139,49 TOTAL:
TOTAL ORIGEM: 2.085,77 566,17 381,25 3.033,19"
Imóvel,107.587.0062.000,107.587.0062.000,"Rua FLAMBOYANT         0 QD. 02 LT. 06 RESIDENCIAL PORTAL DO CERRADO, Qt.Qd.Lt.SubLt. 02 06","Dívida Corrente Situação:
2023 01 CIP 26,52 2,12 5,30 33,94 1 0
2023 01 ITU 1.356,88 61,06 159,43 1.577,37 8 0
1.383,40 63,18 164,73 1.611,31 TOTAL:
Dívida Ativa Situação:
2021 01 CIP - DA 29,61 9,18 5,92 44,71 1 0
2021 01 ITU - DA 1.222,40 378,94 244,48 1.845,82 1 0
2022 01 CIP - DA 24,27 4,85 4,85 33,97 1 0
2022 01 ITU - DA 1.356,86 271,37 271,37 1.899,60 1 0
2.633,14 664,34 526,62 3.824,10 TOTAL:
Ajuizada Situação:
2020 01 CIP - DA 32,47 14,29 6,49 53,25 1 0
2020 01 ITU - DA 1.222,41 537,86 244,48 2.004,75 1 0
1.254,88 552,15 250,97 2.058,00 TOTAL:
TOTAL ORIGEM: 5.271,42 1.279,67 942,32 7.493,41"
Imóvel,107.588.0234.000,107.588.0234.000,"Rua PAINEIRA         0 QD. 03 LT. 15 RESIDENCIAL PORTAL DO CERRADO, Qt.Qd.Lt.SubLt. 03 15","Dívida Corrente Situação:
2023 01 CIP 26,52 2,12 5,30 33,94 1 0
2023 01 ITU 1.356,88 61,06 159,43 1.577,37 8 0
1.383,40 63,18 164,73 1.611,31 TOTAL:
Dívida Ativa Situação:
2021 01 CIP - DA 29,61 9,18 5,92 44,71 1 0
2021 01 ITU - DA 1.222,40 378,94 244,48 1.845,82 1 0
2022 01 CIP - DA 24,27 4,85 4,85 33,97 1 0
2022 01 ITU - DA 1.356,86 271,37 271,37 1.899,60 1 0
2.633,14 664,34 526,62 3.824,10 TOTAL:
Ajuizada Situação:
2020 01 CIP - DA 32,47 14,29 6,49 53,25 1 0
2020 01 ITU - DA 1.222,41 537,86 244,48 2.004,75 1 0
1.254,88 552,15 250,97 2.058,00 TOTAL:
TOTAL ORIGEM: 5.271,42 1.279,67 942,32 7.493,41"
Imóvel,107.588.0385.000,107.588.0385.000,"Rua FLAMBOYANT         0 QD. 03 LT. 22 RESIDENCIAL PORTAL DO CERRADO, Qt.Qd.Lt.SubLt. 03 22","Dívida Corrente Situação:
2023 01 CIP 26,52 2,12 5,30 33,94 1 0
2023 01 ITU 1.356,88 61,06 159,43 1.577,37 8 0
1.383,40 63,18 164,73 1.611,31 TOTAL:
Dívida Ativa Situação:
2021 01 CIP - DA 29,61 9,18 5,92 44,71 1 0
2021 01 ITU - DA 1.222,40 378,94 244,48 1.845,82 1 0
2022 01 CIP - DA 24,27 4,85 4,85 33,97 1 0
2022 01 ITU - DA 1.356,86 271,37 271,37 1.899,60 1 0
2.633,14 664,34 526,62 3.824,10 TOTAL:
Ajuizada Situação:
2020 01 CIP - DA 32,47 14,29 6,49 53,25 1 0
2020 01 ITU - DA 1.222,41 537,86 244,48 2.004,75 1 0
1.254,88 552,15 250,97 2.058,00 TOTAL:
TOTAL ORIGEM: 5.271,42 1.279,67 942,32 7.493,41"
Imóvel,107.589.0343.000,107.589.0343.000,"Rua AROEIRA         0 QD. 04A LT. 12 RESIDENCIAL PORTAL DO CERRADO, Qt.Qd.Lt.SubLt. 04A 12","Dívida Corrente Situação:
2023 07 Capinação e Roç 254,32 10,17 20,35 284,84 1 0
2023 02 Capinação e Roç 254,32 17,80 50,86 322,98 1 0
508,64 27,97 71,21 607,82 TOTAL:
TOTAL ORIGEM: 508,64 27,97 71,21 607,82"
Imóvel,107.589.0412.000,107.589.0412.000,"Rua JACARANDA         0 QD. 04A LT. 17 RESIDENCIAL PORTAL DO CERRADO, Qt.Qd.Lt.SubLt. 04A 17","Dívida Corrente Situação:
2023 07 Capinação e Roç 254,32 10,17 20,35 284,84 1 0
2023 02 Capinação e Roç 254,32 17,80 50,86 322,98 1 0
508,64 27,97 71,21 607,82 TOTAL:
TOTAL ORIGEM: 508,64 27,97 71,21 607,82"
Imóvel,107.589.0460.001,107.589.0460.001,"Rua JACARANDA         0 QD. 04A LT. 21 RESIDENCIAL PORTAL DO CERRADO, Qt.Qd.Lt.SubLt. 04A 21","Dívida Corrente Situação:
2023 07 Capinação e Roç 254,32 10,17 20,35 284,84 1 0
2023 02 Capinação e Roç 254,32 17,80 50,86 322,98 1 0
508,64 27,97 71,21 607,82 TOTAL:
TOTAL ORIGEM: 508,64 27,97 71,21 607,82"
Imóvel,107.589.0460.002,107.589.0460.002,"Rua JACARANDA         0 QD. 04A LT. 21 RESIDENCIAL PORTAL DO CERRADO, Qt.Qd.Lt.SubLt. 04A 21","Dívida Corrente Situação:
2023 07 Capinação e Roç 254,32 10,17 20,35 284,84 1 0
2023 02 Capinação e Roç 254,32 17,80 50,86 322,98 1 0
508,64 27,97 71,21 607,82 TOTAL:
TOTAL ORIGEM: 508,64 27,97 71,21 607,82"
Imóvel,107.589.0472.001,107.589.0472.001,"Rua JACARANDA 0 Qd. 04A        Lt.22 RESIDENCIAL PORTAL DO CERRADO, Qt.Qd.Lt.SubLt. 04A 22","Dívida Corrente Situação:
2023 07 Capinação e Roç 254,32 10,17 20,35 284,84 1 0
2023 02 Capinação e Roç 254,32 17,80 50,86 322,98 1 0
508,64 27,97 71,21 607,82 TOTAL:
TOTAL ORIGEM: 508,64 27,97 71,21 607,82"
Imóvel,107.590.0107.000,107.590.0107.000,"Rua MANGUEIRA         0 Qd. 05         Lt.07 RESIDENCIAL PORTAL DO CERRADO, Qt.Qd.Lt.SubLt. 05 07","Dívida Parcelada Situação:
2023 09 Parcelamento DA 170,92 0,00 0,00 170,92 0 1
170,92 0,00 0,00 170,92 TOTAL:
TOTAL ORIGEM: 170,92 0,00 0,00 170,92"
Imóvel,107.590.0267.001,107.590.0267.001,"Rua CAJU 0 QD. 05 LT. 18 RESIDENCIAL PORTAL DO CERRADO, Qt.Qd.Lt.SubLt. 05 18","Dívida Parcelada Situação:
2023 09 Parcelamento DA 170,92 0,00 0,00 170,92 0 1
170,92 0,00 0,00 170,92 TOTAL:
TOTAL ORIGEM: 170,92 0,00 0,00 170,92"
Imóvel,107.590.0305.000,107.590.0305.000,"Rua JOAO FLORENTINO       361 Qd. 05 Lt. 19 RESIDENCIAL PORTAL DO CERRADO, Qt.Qd.Lt.SubLt. 05 19","Dívida Parcelada Situação:
2023 09 Parcelamento DA 170,92 0,00 0,00 170,92 0 1
170,92 0,00 0,00 170,92 TOTAL:
TOTAL ORIGEM: 170,92 0,00 0,00 170,92"
Imóvel,107.591.0107.001,107.591.0107.001,"Rua SIBIPIRUNA 0 Qd. 06         Lt.07 RESIDENCIAL PORTAL DO CERRADO, Qt.Qd.Lt.SubLt. 06 07","Dívida Parcelada Situação:
2023 09 Parcelamento DA 170,92 0,00 0,00 170,92 0 1
170,92 0,00 0,00 170,92 TOTAL:
TOTAL ORIGEM: 170,92 0,00 0,00 170,92"
Imóvel,107.591.0143.000,107.591.0143.000,"Rua SIBIPIRUNA         0 QD. 06 LT. 10 RESIDENCIAL PORTAL DO CERRADO, Qt.Qd.Lt.SubLt. 06 10","Dívida Parcelada Situação:
2023 09 Parcelamento DA 170,92 0,00 0,00 170,92 0 1
170,92 0,00 0,00 170,92 TOTAL:
TOTAL ORIGEM: 170,92 0,00 0,00 170,92"
Imóvel,107.592.0047.000,107.592.0047.000,"Rua JACARANDA         0 QD. 07 LT. 02 RESIDENCIAL PORTAL DO CERRADO, Qt.Qd.Lt.SubLt. 07 02","Dívida Parcelada Situação:
2023 09 Parcelamento DA 170,92 0,00 0,00 170,92 0 1
170,92 0,00 0,00 170,92 TOTAL:
TOTAL ORIGEM: 170,92 0,00 0,00 170,92"
Imóvel,107.592.0107.001,107.592.0107.001,"Rua AROEIRA 0 QD. 07 LT. 07 RESIDENCIAL PORTAL DO CERRADO, Qt.Qd.Lt.SubLt. 07 07","Dívida Corrente Situação:
2023 01 IPTU 962,71 48,14 126,53 1.137,38 7 0
2023 01 TSU 142,63 11,41 28,53 182,57 1 0
1.105,34 59,55 155,06 1.319,95 TOTAL:
Dívida Ativa Situação:
2022 01 IPTU - DA 962,68 192,54 192,54 1.347,76 1 0
2022 04 Saldo Parc. D.A 392,20 112,41 23,38 527,99 1 0
2022 01 TSU - DA 151,04 30,21 30,21 211,46 1 0
1.505,92 335,16 246,13 2.087,21 TOTAL:
TOTAL ORIGEM: 2.611,26 394,71 401,19 3.407,16"
Imóvel,107.594.0075.000,107.594.0075.000,"Rua SIBIPIRUNA         0 QD. 08 LT. 07 RESIDENCIAL PORTAL DO CERRADO, Qt.Qd.Lt.SubLt. 08 07","Dívida Corrente Situação:
2023 01 IPTU 962,71 48,14 126,53 1.137,38 7 0
2023 01 TSU 142,63 11,41 28,53 182,57 1 0
1.105,34 59,55 155,06 1.319,95 TOTAL:
Dívida Ativa Situação:
2022 01 IPTU - DA 962,68 192,54 192,54 1.347,76 1 0
2022 04 Saldo Parc. D.A 392,20 112,41 23,38 527,99 1 0
2022 01 TSU - DA 151,04 30,21 30,21 211,46 1 0
1.505,92 335,16 246,13 2.087,21 TOTAL:
TOTAL ORIGEM: 2.611,26 394,71 401,19 3.407,16"
Imóvel,107.594.0087.001,107.594.0087.001,"Rua SIBIPIRUNA 0 QD. 08 LT. 08 RESIDENCIAL PORTAL DO CERRADO, Qt.Qd.Lt.SubLt. 08 08","Dívida Corrente Situação:
2023 01 IPTU 962,71 48,14 126,53 1.137,38 7 0
2023 01 TSU 142,63 11,41 28,53 182,57 1 0
1.105,34 59,55 155,06 1.319,95 TOTAL:
Dívida Ativa Situação:
2022 01 IPTU - DA 962,68 192,54 192,54 1.347,76 1 0
2022 04 Saldo Parc. D.A 392,20 112,41 23,38 527,99 1 0
2022 01 TSU - DA 151,04 30,21 30,21 211,46 1 0
1.505,92 335,16 246,13 2.087,21 TOTAL:
TOTAL ORIGEM: 2.611,26 394,71 401,19 3.407,16"
Imóvel,107.594.0147.000,107.594.0147.000,"Rua SIBIPIRUNA         0 QD. 08 LT. 13 RESIDENCIAL PORTAL DO CERRADO, Qt.Qd.Lt.SubLt. 08 13","Dívida Corrente Situação:
2023 01 CIP 26,52 2,12 5,30 33,94 1 0
2023 01 ITU 853,38 46,94 119,49 1.019,81 6 0
879,90 49,06 124,79 1.053,75 TOTAL:
TOTAL ORIGEM: 879,90 49,06 124,79 1.053,75"
Imóvel,107.594.0183.000,107.594.0183.000,"Rua IPE         0 QD. 08 LT. 14 RESIDENCIAL PORTAL DO CERRADO, Qt.Qd.Lt.SubLt. 08 14","Dívida Corrente Situação:
2023 01 CIP 26,52 2,12 5,30 33,94 1 0
2023 01 ITU 853,38 46,94 119,49 1.019,81 6 0
879,90 49,06 124,79 1.053,75 TOTAL:
TOTAL ORIGEM: 879,90 49,06 124,79 1.053,75"
Imóvel,107.594.0198.000,107.594.0198.000,"Rua IPE         0 QD. 08 LT. 15 RESIDENCIAL PORTAL DO CERRADO, Qt.Qd.Lt.SubLt. 08 15","Dívida Corrente Situação:
2023 01 CIP 26,52 2,12 5,30 33,94 1 0
2023 01 ITU 853,38 46,94 119,49 1.019,81 6 0
879,90 49,06 124,79 1.053,75 TOTAL:
TOTAL ORIGEM: 879,90 49,06 124,79 1.053,75"
Imóvel,107.594.0329.001,107.594.0329.001,"Rua MANGUEIRA 0 QD. 08 LT. 24 RESIDENCIAL PORTAL DO CERRADO, Qt.Qd.Lt.SubLt. 08 24","Dívida Corrente Situação:
2023 01 CIP 26,52 2,12 5,30 33,94 1 0
2023 01 ITU 853,38 46,94 119,49 1.019,81 6 0
879,90 49,06 124,79 1.053,75 TOTAL:
TOTAL ORIGEM: 879,90 49,06 124,79 1.053,75"
Imóvel,107.595.0163.000,107.595.0163.000,"Rua MANGUEIRA         0 QD.9A  LT.01 RESIDENCIAL PORTAL DO CERRADO, Qt.Qd.Lt.SubLt. 9A 01","Dívida Corrente Situação:
2023 07 Capinação e Roç 204,00 8,16 16,32 228,48 1 0
204,00 8,16 16,32 228,48 TOTAL:
TOTAL ORIGEM: 204,00 8,16 16,32 228,48"
Imóvel,107.597.0039.001,107.597.0039.001,"Rua SIBIPIRUNA 0 QD. 11 LT. 04 RESIDENCIAL PORTAL DO CERRADO, Qt.Qd.Lt.SubLt. 11 04","Dívida Corrente Situação:
2023 07 Capinação e Roç 204,00 8,16 16,32 228,48 1 0
204,00 8,16 16,32 228,48 TOTAL:
TOTAL ORIGEM: 204,00 8,16 16,32 228,48"
Imóvel,107.597.0063.001,107.597.0063.001,"Rua SIBIPIRUNA 0 Qd. 11         Lt.06 RESIDENCIAL PORTAL DO CERRADO, Qt.Qd.Lt.SubLt. 11 06","Dívida Corrente Situação:
2023 07 Capinação e Roç 204,00 8,16 16,32 228,48 1 0
204,00 8,16 16,32 228,48 TOTAL:
TOTAL ORIGEM: 204,00 8,16 16,32 228,48"
Imóvel,107.597.0187.000,107.597.0187.000,"Rua LARANJEIRA         0 QD. 11 LT. 15 RESIDENCIAL PORTAL DO CERRADO, Qt.Qd.Lt.SubLt. 11 15","Dívida Corrente Situação:
2023 07 Capinação e Roç 204,00 8,16 16,32 228,48 1 0
204,00 8,16 16,32 228,48 TOTAL:
TOTAL ORIGEM: 204,00 8,16 16,32 228,48"
Imóvel,107.597.0267.001,107.597.0267.001,"Rua MANGUEIRA 0 QD. 11 LT. 20 RESIDENCIAL PORTAL DO CERRADO, Qt.Qd.Lt.SubLt. 11 20","Dívida Corrente Situação:
2023 01 IPTU 686,80 41,20 104,39 832,39 5 0
2023 01 TSU 105,45 8,44 21,09 134,98 1 0
792,25 49,64 125,48 967,37 TOTAL:
Dívida Ativa Situação:
2022 01 IPTU - DA 686,77 137,35 137,35 961,47 1 0
2022 03 Saldo Parc. D.A 1.125,88 584,62 192,56 1.903,06 1 0
2022 01 TSU - DA 111,67 22,33 22,33 156,33 1 0
1.924,32 744,30 352,24 3.020,86 TOTAL:
TOTAL ORIGEM: 2.716,57 793,94 477,72 3.988,23"
Imóvel,107.597.0303.000,107.597.0303.000,"Rua MANGUEIRA         0 Qd. 11         Lt.23 RESIDENCIAL PORTAL DO CERRADO, Qt.Qd.Lt.SubLt. 11 23","Dívida Corrente Situação:
2023 01 IPTU 686,80 41,20 104,39 832,39 5 0
2023 01 TSU 105,45 8,44 21,09 134,98 1 0
792,25 49,64 125,48 967,37 TOTAL:
Dívida Ativa Situação:
2022 01 IPTU - DA 686,77 137,35 137,35 961,47 1 0
2022 03 Saldo Parc. D.A 1.125,88 584,62 192,56 1.903,06 1 0
2022 01 TSU - DA 111,67 22,33 22,33 156,33 1 0
1.924,32 744,30 352,24 3.020,86 TOTAL:
TOTAL ORIGEM: 2.716,57 793,94 477,72 3.988,23"
Imóvel,107.598.0013.000,107.598.0013.000,"Rua EUCALYPTO         0 QD. 12 LT. 01 RESIDENCIAL PORTAL DO CERRADO, Qt.Qd.Lt.SubLt. 12 01","Dívida Corrente Situação:
2023 01 IPTU 686,80 41,20 104,39 832,39 5 0
2023 01 TSU 105,45 8,44 21,09 134,98 1 0
792,25 49,64 125,48 967,37 TOTAL:
Dívida Ativa Situação:
2022 01 IPTU - DA 686,77 137,35 137,35 961,47 1 0
2022 03 Saldo Parc. D.A 1.125,88 584,62 192,56 1.903,06 1 0
2022 01 TSU - DA 111,67 22,33 22,33 156,33 1 0
1.924,32 744,30 352,24 3.020,86 TOTAL:
TOTAL ORIGEM: 2.716,57 793,94 477,72 3.988,23"
Imóvel,107.598.0037.001,107.598.0037.001,"Rua EUCALYPTO 0 QD. 12 LT. 03 RESIDENCIAL PORTAL DO CERRADO, Qt.Qd.Lt.SubLt. 12 03","Dívida Corrente Situação:
2023 01 IPTU 686,80 41,20 104,39 832,39 5 0
2023 01 TSU 105,45 8,44 21,09 134,98 1 0
792,25 49,64 125,48 967,37 TOTAL:
Dívida Ativa Situação:
2022 01 IPTU - DA 686,77 137,35 137,35 961,47 1 0
2022 03 Saldo Parc. D.A 1.125,88 584,62 192,56 1.903,06 1 0
2022 01 TSU - DA 111,67 22,33 22,33 156,33 1 0
1.924,32 744,30 352,24 3.020,86 TOTAL:
TOTAL ORIGEM: 2.716,57 793,94 477,72 3.988,23"
Imóvel,107.598.0096.001,107.598.0096.001,"Rua EUCALYPTO         0 QD. 12 LT. 06 RESIDENCIAL PORTAL DO CERRADO, Qt.Qd.Lt.SubLt. 12 06","Dívida Corrente Situação:
2023 01 IPTU 857,58 47,17 120,06 1.024,81 6 0
2023 01 TSU 84,86 6,79 16,97 108,62 1 0
942,44 53,96 137,03 1.133,43 TOTAL:
Dívida Ativa Situação:
2022 01 IPTU - DA 599,87 119,97 119,97 839,81 1 0
2022 01 TSU - DA 128,38 25,68 25,68 179,74 1 0
728,25 145,65 145,65 1.019,55 TOTAL:
TOTAL ORIGEM: 1.670,69 199,61 282,68 2.152,98"
Imóvel,107.598.0096.002,107.598.0096.002,"Rua EUCALYPTO         0 QD. 12 LT. 06 RESIDENCIAL PORTAL DO CERRADO, Qt.Qd.Lt.SubLt. 12 06","Dívida Corrente Situação:
2023 01 IPTU 857,58 47,17 120,06 1.024,81 6 0
2023 01 TSU 84,86 6,79 16,97 108,62 1 0
942,44 53,96 137,03 1.133,43 TOTAL:
Dívida Ativa Situação:
2022 01 IPTU - DA 599,87 119,97 119,97 839,81 1 0
2022 01 TSU - DA 128,38 25,68 25,68 179,74 1 0
728,25 145,65 145,65 1.019,55 TOTAL:
TOTAL ORIGEM: 1.670,69 199,61 282,68 2.152,98"
Imóvel,107.598.0183.000,107.598.0183.000,"Rua LIMOEIRO         0 QD. 12 LT. 10 RESIDENCIAL PORTAL DO CERRADO, Qt.Qd.Lt.SubLt. 12 10","Dívida Corrente Situação:
2023 01 IPTU 857,58 47,17 120,06 1.024,81 6 0
2023 01 TSU 84,86 6,79 16,97 108,62 1 0
942,44 53,96 137,03 1.133,43 TOTAL:
Dívida Ativa Situação:
2022 01 IPTU - DA 599,87 119,97 119,97 839,81 1 0
2022 01 TSU - DA 128,38 25,68 25,68 179,74 1 0
728,25 145,65 145,65 1.019,55 TOTAL:
TOTAL ORIGEM: 1.670,69 199,61 282,68 2.152,98"
Imóvel,107.599.0262.000,107.599.0262.000,"Rua LARANJEIRA         0 QD. 13 LT. 15 RESIDENCIAL PORTAL DO CERRADO, Qt.Qd.Lt.SubLt. 13 15","Dívida Corrente Situação:
2023 01 IPTU 857,58 47,17 120,06 1.024,81 6 0
2023 01 TSU 84,86 6,79 16,97 108,62 1 0
942,44 53,96 137,03 1.133,43 TOTAL:
Dívida Ativa Situação:
2022 01 IPTU - DA 599,87 119,97 119,97 839,81 1 0
2022 01 TSU - DA 128,38 25,68 25,68 179,74 1 0
728,25 145,65 145,65 1.019,55 TOTAL:
TOTAL ORIGEM: 1.670,69 199,61 282,68 2.152,98"
Imóvel,107.600.0069.001,107.600.0069.001,"Rua LARANJEIRA 0 QD. 14 LT. 05 RESIDENCIAL PORTAL DO CERRADO, Qt.Qd.Lt.SubLt. 14 05","Dívida Corrente Situação:
2023 01 IPTU 988,05 49,40 129,85 1.167,30 7 0
2023 01 TSU 172,55 13,80 34,51 220,86 1 0
1.160,60 63,20 164,36 1.388,16 TOTAL:
Dívida Ativa Situação:
2017 01 IPTU - DA 293,93 235,14 58,79 587,86 1 0
2017 01 TSU - DA 155,07 124,06 31,01 310,14 1 0
2018 01 IPTU - DA 293,93 199,87 58,79 552,59 1 0
2018 01 TSU - DA 76,24 51,84 15,25 143,33 1 0
2019 01 IPTU - DA 293,93 164,60 58,79 517,32 1 0
2019 01 TSU - DA 59,42 33,28 11,88 104,58 1 0
2020 01 IPTU - DA 293,93 129,33 58,79 482,05 1 0
2020 01 TSU - DA 59,71 26,27 11,94 97,92 1 0
2021 01 IPTU - DA 293,94 91,12 58,79 443,85 1 0
2021 01 TSU - DA 56,48 17,51 11,30 85,29 1 0
2022 01 IPTU - DA 988,04 197,61 197,61 1.383,26 1 0
2022 01 TSU - DA 182,73 36,55 36,55 255,83 1 0
3.047,35 1.307,18 609,49 4.964,02 TOTAL:
TOTAL ORIGEM: 4.207,95 1.370,38 773,85 6.352,18"
Imóvel,107.600.0184.003,107.600.0184.003,"Rua LARANJEIRA 0 QD. 14 LT. 13 RESIDENCIAL PORTAL DO CERRADO, Qt.Qd.Lt.SubLt. 14 13","Dívida Corrente Situação:
2023 01 IPTU 988,05 49,40 129,85 1.167,30 7 0
2023 01 TSU 172,55 13,80 34,51 220,86 1 0
1.160,60 63,20 164,36 1.388,16 TOTAL:
Dívida Ativa Situação:
2017 01 IPTU - DA 293,93 235,14 58,79 587,86 1 0
2017 01 TSU - DA 155,07 124,06 31,01 310,14 1 0
2018 01 IPTU - DA 293,93 199,87 58,79 552,59 1 0
2018 01 TSU - DA 76,24 51,84 15,25 143,33 1 0
2019 01 IPTU - DA 293,93 164,60 58,79 517,32 1 0
2019 01 TSU - DA 59,42 33,28 11,88 104,58 1 0
2020 01 IPTU - DA 293,93 129,33 58,79 482,05 1 0
2020 01 TSU - DA 59,71 26,27 11,94 97,92 1 0
2021 01 IPTU - DA 293,94 91,12 58,79 443,85 1 0
2021 01 TSU - DA 56,48 17,51 11,30 85,29 1 0
2022 01 IPTU - DA 988,04 197,61 197,61 1.383,26 1 0
2022 01 TSU - DA 182,73 36,55 36,55 255,83 1 0
3.047,35 1.307,18 609,49 4.964,02 TOTAL:
TOTAL ORIGEM: 4.207,95 1.370,38 773,85 6.352,18"
Imóvel,107.600.0422.000,107.600.0422.000,"Rua MANGUEIRA         0 QD.14  LT.28 RESIDENCIAL PORTAL DO CERRADO, Qt.Qd.Lt.SubLt. 14 28","Dívida Corrente Situação:
2023 01 IPTU 988,05 49,40 129,85 1.167,30 7 0
2023 01 TSU 172,55 13,80 34,51 220,86 1 0
1.160,60 63,20 164,36 1.388,16 TOTAL:
Dívida Ativa Situação:
2017 01 IPTU - DA 293,93 235,14 58,79 587,86 1 0
2017 01 TSU - DA 155,07 124,06 31,01 310,14 1 0
2018 01 IPTU - DA 293,93 199,87 58,79 552,59 1 0
2018 01 TSU - DA 76,24 51,84 15,25 143,33 1 0
2019 01 IPTU - DA 293,93 164,60 58,79 517,32 1 0
2019 01 TSU - DA 59,42 33,28 11,88 104,58 1 0
2020 01 IPTU - DA 293,93 129,33 58,79 482,05 1 0
2020 01 TSU - DA 59,71 26,27 11,94 97,92 1 0
2021 01 IPTU - DA 293,94 91,12 58,79 443,85 1 0
2021 01 TSU - DA 56,48 17,51 11,30 85,29 1 0
2022 01 IPTU - DA 988,04 197,61 197,61 1.383,26 1 0
2022 01 TSU - DA 182,73 36,55 36,55 255,83 1 0
3.047,35 1.307,18 609,49 4.964,02 TOTAL:
TOTAL ORIGEM: 4.207,95 1.370,38 773,85 6.352,18"
Imóvel,107.663.0091.000,107.663.0091.000,"Rua 25         0 QD. 47 LT. 33 RESIDENCIAL VALE DO SOL 1º E 2º ETAPA, Qt.Qd.Lt.SubLt. 47 33","Dívida Corrente Situação:
2023 01 IPTU 988,05 49,40 129,85 1.167,30 7 0
2023 01 TSU 172,55 13,80 34,51 220,86 1 0
1.160,60 63,20 164,36 1.388,16 TOTAL:
Dívida Ativa Situação:
2017 01 IPTU - DA 293,93 235,14 58,79 587,86 1 0
2017 01 TSU - DA 155,07 124,06 31,01 310,14 1 0
2018 01 IPTU - DA 293,93 199,87 58,79 552,59 1 0
2018 01 TSU - DA 76,24 51,84 15,25 143,33 1 0
2019 01 IPTU - DA 293,93 164,60 58,79 517,32 1 0
2019 01 TSU - DA 59,42 33,28 11,88 104,58 1 0
2020 01 IPTU - DA 293,93 129,33 58,79 482,05 1 0
2020 01 TSU - DA 59,71 26,27 11,94 97,92 1 0
2021 01 IPTU - DA 293,94 91,12 58,79 443,85 1 0
2021 01 TSU - DA 56,48 17,51 11,30 85,29 1 0
2022 01 IPTU - DA 988,04 197,61 197,61 1.383,26 1 0
2022 01 TSU - DA 182,73 36,55 36,55 255,83 1 0
3.047,35 1.307,18 609,49 4.964,02 TOTAL:
TOTAL ORIGEM: 4.207,95 1.370,38 773,85 6.352,18"
Imóvel,201.224.0213.000,201.224.0213.000,"Alameda RIO DE JANEIRO         0 QD. J LT. 1J SETOR INDUSTRIAL AEROPORTO, Qt.Qd.Lt.SubLt. J 1J","Dívida Corrente Situação:
2023 01 IPTU 756,15 45,37 114,95 916,47 5 0
2023 01 TSU 106,40 8,51 21,28 136,19 1 0
862,55 53,88 136,23 1.052,66 TOTAL:
Dívida Ativa Situação:
2020 04 Saldo Parc. D.A 324,41 228,77 51,23 604,41 1 0
2021 01 IPTU - DA 751,45 232,95 150,29 1.134,69 1 0
2021 01 TSU - DA 124,42 38,57 24,88 187,87 1 0
2022 01 IPTU - DA 756,13 151,23 151,23 1.058,59 1 0
2022 01 TSU - DA 112,68 22,54 22,54 157,76 1 0
2.069,09 674,06 400,17 3.143,32 TOTAL:
Ajuizada Situação:
2019 01 IPTU - DA 751,45 420,81 150,29 1.322,55 1 0
2019 01 TSU - DA 130,90 73,31 26,18 230,39 1 0
2020 01 IPTU - DA 751,45 330,64 150,29 1.232,38 1 0
2020 01 TSU - DA 131,53 57,88 26,31 215,72 1 0
1.765,33 882,64 353,07 3.001,04 TOTAL:
TOTAL ORIGEM: 4.696,97 1.610,58 889,47 7.197,02"
Imóvel,202.107.0243.001,202.107.0243.001,"Rua SC 9 S/N QD. 12 LT. 23 SETOR SANTA CLARA, Qt.Qd.Lt.SubLt. 12 23","Dívida Corrente Situação:
2023 01 IPTU 756,15 45,37 114,95 916,47 5 0
2023 01 TSU 106,40 8,51 21,28 136,19 1 0
862,55 53,88 136,23 1.052,66 TOTAL:
Dívida Ativa Situação:
2020 04 Saldo Parc. D.A 324,41 228,77 51,23 604,41 1 0
2021 01 IPTU - DA 751,45 232,95 150,29 1.134,69 1 0
2021 01 TSU - DA 124,42 38,57 24,88 187,87 1 0
2022 01 IPTU - DA 756,13 151,23 151,23 1.058,59 1 0
2022 01 TSU - DA 112,68 22,54 22,54 157,76 1 0
2.069,09 674,06 400,17 3.143,32 TOTAL:
Ajuizada Situação:
2019 01 IPTU - DA 751,45 420,81 150,29 1.322,55 1 0
2019 01 TSU - DA 130,90 73,31 26,18 230,39 1 0
2020 01 IPTU - DA 751,45 330,64 150,29 1.232,38 1 0
2020 01 TSU - DA 131,53 57,88 26,31 215,72 1 0
1.765,33 882,64 353,07 3.001,04 TOTAL:
TOTAL ORIGEM: 4.696,97 1.610,58 889,47 7.197,02"
Imóvel,301.675.0112.000,301.675.0112.000,"Rua RF-05         0 Qd. 07         Lt.07 RESIDENCIAL FLORENCA, Qt.Qd.Lt.SubLt. 07 07","Dívida Corrente Situação:
2023 01 IPTU 756,15 45,37 114,95 916,47 5 0
2023 01 TSU 106,40 8,51 21,28 136,19 1 0
862,55 53,88 136,23 1.052,66 TOTAL:
Dívida Ativa Situação:
2020 04 Saldo Parc. D.A 324,41 228,77 51,23 604,41 1 0
2021 01 IPTU - DA 751,45 232,95 150,29 1.134,69 1 0
2021 01 TSU - DA 124,42 38,57 24,88 187,87 1 0
2022 01 IPTU - DA 756,13 151,23 151,23 1.058,59 1 0
2022 01 TSU - DA 112,68 22,54 22,54 157,76 1 0
2.069,09 674,06 400,17 3.143,32 TOTAL:
Ajuizada Situação:
2019 01 IPTU - DA 751,45 420,81 150,29 1.322,55 1 0
2019 01 TSU - DA 130,90 73,31 26,18 230,39 1 0
2020 01 IPTU - DA 751,45 330,64 150,29 1.232,38 1 0
2020 01 TSU - DA 131,53 57,88 26,31 215,72 1 0
1.765,33 882,64 353,07 3.001,04 TOTAL:
TOTAL ORIGEM: 4.696,97 1.610,58 889,47 7.197,02"
Imóvel,301.676.0121.000,301.676.0121.000,"Rua RF-05         0 QD. 08 LT. 09 RESIDENCIAL FLORENCA, Qt.Qd.Lt.SubLt. 08 09","Dívida Corrente Situação:
2023 01 Capinação e Roç 204,00 14,28 40,80 259,08 1 0
2023 01 CIP 26,52 2,12 5,30 33,94 1 0
2023 01 ITU 679,25 40,75 103,25 823,25 5 0
909,77 57,15 149,35 1.116,27 TOTAL:
Dívida Ativa Situação:
2020 01 CIP - DA 32,47 14,29 6,49 53,25 1 0
2020 01 ITU - DA 611,92 269,24 122,38 1.003,54 1 0
2021 01 CIP - DA 29,61 9,18 5,92 44,71 1 0
2021 01 ITU - DA 611,92 189,70 122,38 924,00 1 0
2022 02 Capin. RoçaD.A 203,33 26,43 40,67 270,43 1 0
2022 01 CIP - DA 24,27 4,85 4,85 33,97 1 0
2022 01 ITU - DA 679,23 135,85 135,85 950,93 1 0
2.192,75 649,54 438,54 3.280,83 TOTAL:
TOTAL ORIGEM: 3.102,52 706,69 587,89 4.397,10"
Imóvel,302.419.0219.000,302.419.0219.000,"Avenida CONTORNO         0 QD.05 LT.22 PRACA C. RESIDENCIAL BELA VISTA, Qt.Qd.Lt.SubLt. 05 22","Dívida Corrente Situação:
2023 01 Capinação e Roç 204,00 14,28 40,80 259,08 1 0
2023 01 CIP 26,52 2,12 5,30 33,94 1 0
2023 01 ITU 679,25 40,75 103,25 823,25 5 0
909,77 57,15 149,35 1.116,27 TOTAL:
Dívida Ativa Situação:
2020 01 CIP - DA 32,47 14,29 6,49 53,25 1 0
2020 01 ITU - DA 611,92 269,24 122,38 1.003,54 1 0
2021 01 CIP - DA 29,61 9,18 5,92 44,71 1 0
2021 01 ITU - DA 611,92 189,70 122,38 924,00 1 0
2022 02 Capin. RoçaD.A 203,33 26,43 40,67 270,43 1 0
2022 01 CIP - DA 24,27 4,85 4,85 33,97 1 0
2022 01 ITU - DA 679,23 135,85 135,85 950,93 1 0
2.192,75 649,54 438,54 3.280,83 TOTAL:
TOTAL ORIGEM: 3.102,52 706,69 587,89 4.397,10"
Imóvel,302.419.0243.000,302.419.0243.000,"Rua SAO PEDRO         0 QD.05 LT.24 PRACA C. RESIDENCIAL BELA VISTA, Qt.Qd.Lt.SubLt. 05 24","Dívida Corrente Situação:
2023 01 Capinação e Roç 204,00 14,28 40,80 259,08 1 0
2023 01 CIP 26,52 2,12 5,30 33,94 1 0
2023 01 ITU 679,25 40,75 103,25 823,25 5 0
909,77 57,15 149,35 1.116,27 TOTAL:
Dívida Ativa Situação:
2020 01 CIP - DA 32,47 14,29 6,49 53,25 1 0
2020 01 ITU - DA 611,92 269,24 122,38 1.003,54 1 0
2021 01 CIP - DA 29,61 9,18 5,92 44,71 1 0
2021 01 ITU - DA 611,92 189,70 122,38 924,00 1 0
2022 02 Capin. RoçaD.A 203,33 26,43 40,67 270,43 1 0
2022 01 CIP - DA 24,27 4,85 4,85 33,97 1 0
2022 01 ITU - DA 679,23 135,85 135,85 950,93 1 0
2.192,75 649,54 438,54 3.280,83 TOTAL:
TOTAL ORIGEM: 3.102,52 706,69 587,89 4.397,10"
Imóvel,306.009.0082.001,306.009.0082.001,"Rua ABADIANIA          S/N QD: 9 LT: 8 PARQUE CALIXTOPOLIS E II ETAPA, Qt.Qd.Lt.SubLt. 9 8","Dívida Corrente Situação:
2023 01 IPTU 290,52 21,79 58,10 370,41 2 0
2023 01 TSU 76,09 6,09 15,22 97,40 1 0
366,61 27,88 73,32 467,81 TOTAL:
Dívida Ativa Situação:
2021 01 IPTU - DA 288,47 89,42 57,69 435,58 1 0
2021 01 TSU - DA 88,98 27,58 17,80 134,36 1 0
2022 01 IPTU - DA 290,52 58,10 58,10 406,72 1 0
2022 01 TSU - DA 80,58 16,12 16,12 112,82 1 0
748,55 191,22 149,71 1.089,48 TOTAL:
TOTAL ORIGEM: 1.115,16 219,10 223,03 1.557,29"
Imóvel,401.527.0142.000,401.527.0142.000,"Rua RJ-02         0 QD. 02 LT. 10 RESIDENCIAL RIO JORDÃO, Qt.Qd.Lt.SubLt. 02 10","Dívida Corrente Situação:
2023 01 IPTU 290,52 21,79 58,10 370,41 2 0
2023 01 TSU 76,09 6,09 15,22 97,40 1 0
366,61 27,88 73,32 467,81 TOTAL:
Dívida Ativa Situação:
2021 01 IPTU - DA 288,47 89,42 57,69 435,58 1 0
2021 01 TSU - DA 88,98 27,58 17,80 134,36 1 0
2022 01 IPTU - DA 290,52 58,10 58,10 406,72 1 0
2022 01 TSU - DA 80,58 16,12 16,12 112,82 1 0
748,55 191,22 149,71 1.089,48 TOTAL:
TOTAL ORIGEM: 1.115,16 219,10 223,03 1.557,29"
Imóvel,401.529.0058.000,401.529.0058.000,"Rua RJ-14         0 QD- 04 LT- 05 RESIDENCIAL RIO JORDÃO, Qt.Qd.Lt.SubLt. 04 05","Dívida Corrente Situação:
2023 01 IPTU 290,52 21,79 58,10 370,41 2 0
2023 01 TSU 76,09 6,09 15,22 97,40 1 0
366,61 27,88 73,32 467,81 TOTAL:
Dívida Ativa Situação:
2021 01 IPTU - DA 288,47 89,42 57,69 435,58 1 0
2021 01 TSU - DA 88,98 27,58 17,80 134,36 1 0
2022 01 IPTU - DA 290,52 58,10 58,10 406,72 1 0
2022 01 TSU - DA 80,58 16,12 16,12 112,82 1 0
748,55 191,22 149,71 1.089,48 TOTAL:
TOTAL ORIGEM: 1.115,16 219,10 223,03 1.557,29"
Imóvel,401.533.0191.000,401.533.0191.000,"Rua RJ-02         0 QD.08 LT. 09 RESIDENCIAL RIO JORDÃO, Qt.Qd.Lt.SubLt. 08 09","Dívida Corrente Situação:
2023 01 Capinação e Roç 204,00 14,28 40,80 259,08 1 0
2023 01 CIP 26,52 2,12 5,30 33,94 1 0
2023 01 ITU 1.021,37 51,07 134,22 1.206,66 7 0
1.251,89 67,47 180,32 1.499,68 TOTAL:
Dívida Ativa Situação:
2022 02 Capin. RoçaD.A 203,33 28,47 40,67 272,47 1 0
2022 01 CIP - DA 24,27 4,85 4,85 33,97 1 0
2022 01 ITU - DA 1.021,38 204,28 204,28 1.429,94 1 0
1.248,98 237,60 249,80 1.736,38 TOTAL:
TOTAL ORIGEM: 2.500,87 305,07 430,12 3.236,06"
Imóvel,401.533.0236.000,401.533.0236.000,"Avenida FRANCISCO FONTES         0 QD.08 LT. 10 RESIDENCIAL RIO JORDÃO, Qt.Qd.Lt.SubLt. 08 10","Dívida Corrente Situação:
2023 01 Capinação e Roç 204,00 14,28 40,80 259,08 1 0
2023 01 CIP 26,52 2,12 5,30 33,94 1 0
2023 01 ITU 1.021,37 51,07 134,22 1.206,66 7 0
1.251,89 67,47 180,32 1.499,68 TOTAL:
Dívida Ativa Situação:
2022 02 Capin. RoçaD.A 203,33 28,47 40,67 272,47 1 0
2022 01 CIP - DA 24,27 4,85 4,85 33,97 1 0
2022 01 ITU - DA 1.021,38 204,28 204,28 1.429,94 1 0
1.248,98 237,60 249,80 1.736,38 TOTAL:
TOTAL ORIGEM: 2.500,87 305,07 430,12 3.236,06"
Imóvel,401.534.0128.001,401.534.0128.001,"Rua RJ-02          S/N QD: 09 LT: 04 RESIDENCIAL RIO JORDÃO, Qt.Qd.Lt.SubLt. 09 04","Dívida Corrente Situação:
2023 01 Capinação e Roç 204,00 14,28 40,80 259,08 1 0
2023 01 CIP 26,52 2,12 5,30 33,94 1 0
2023 01 ITU 1.021,37 51,07 134,22 1.206,66 7 0
1.251,89 67,47 180,32 1.499,68 TOTAL:
Dívida Ativa Situação:
2022 02 Capin. RoçaD.A 203,33 28,47 40,67 272,47 1 0
2022 01 CIP - DA 24,27 4,85 4,85 33,97 1 0
2022 01 ITU - DA 1.021,38 204,28 204,28 1.429,94 1 0
1.248,98 237,60 249,80 1.736,38 TOTAL:
TOTAL ORIGEM: 2.500,87 305,07 430,12 3.236,06"
Imóvel,401.534.0140.000,401.534.0140.000,"Rua RJ-02         0 QD- 09 LT- 03 RESIDENCIAL RIO JORDÃO, Qt.Qd.Lt.SubLt. 09 03","Dívida Corrente Situação:
2023 01 Capinação e Roç 204,00 14,28 40,80 259,08 1 0
2023 01 CIP 26,52 2,12 5,30 33,94 1 0
2023 01 ITU 1.021,37 51,07 134,22 1.206,66 7 0
1.251,89 67,47 180,32 1.499,68 TOTAL:
Dívida Ativa Situação:
2022 02 Capin. RoçaD.A 203,33 28,47 40,67 272,47 1 0
2022 01 CIP - DA 24,27 4,85 4,85 33,97 1 0
2022 01 ITU - DA 1.021,38 204,28 204,28 1.429,94 1 0
1.248,98 237,60 249,80 1.736,38 TOTAL:
TOTAL ORIGEM: 2.500,87 305,07 430,12 3.236,06"
Imóvel,401.537.0018.000,401.537.0018.000,"Rua RJ-07         0 QD14 LT02 RESIDENCIAL RIO JORDÃO, Qt.Qd.Lt.SubLt. 14 02","Dívida Corrente Situação:
2023 01 Capinação e Roç 204,00 14,28 40,80 259,08 1 0
2023 01 CIP 26,52 2,12 5,30 33,94 1 0
2023 01 ITU 1.021,37 51,07 134,22 1.206,66 7 0
1.251,89 67,47 180,32 1.499,68 TOTAL:
Dívida Ativa Situação:
2022 02 Capin. RoçaD.A 203,33 28,47 40,67 272,47 1 0
2022 01 CIP - DA 24,27 4,85 4,85 33,97 1 0
2022 01 ITU - DA 1.021,38 204,28 204,28 1.429,94 1 0
1.248,98 237,60 249,80 1.736,38 TOTAL:
TOTAL ORIGEM: 2.500,87 305,07 430,12 3.236,06"
Imóvel,401.537.0274.000,401.537.0274.000,"Rua RJ-09         0 QD14 LT19 RESIDENCIAL RIO JORDÃO, Qt.Qd.Lt.SubLt. 14 19","Dívida Corrente Situação:
2023 01 CIP 26,52 2,12 5,30 33,94 1 0
2023 01 ITU 898,80 49,43 125,82 1.074,05 6 0
925,32 51,55 131,12 1.107,99 TOTAL:
Dívida Ativa Situação:
2022 02 Capin. RoçaD.A 203,33 28,47 40,67 272,47 1 0
203,33 28,47 40,67 272,47 TOTAL:
TOTAL ORIGEM: 1.128,65 80,02 171,79 1.380,46"
Imóvel,401.538.0006.001,401.538.0006.001,"Rua RJ-09          S/N QD: 13 LT: 01 RESIDENCIAL RIO JORDÃO, Qt.Qd.Lt.SubLt. 13 01","Dívida Corrente Situação:
2023 01 CIP 26,52 2,12 5,30 33,94 1 0
2023 01 ITU 898,80 49,43 125,82 1.074,05 6 0
925,32 51,55 131,12 1.107,99 TOTAL:
Dívida Ativa Situação:
2022 02 Capin. RoçaD.A 203,33 28,47 40,67 272,47 1 0
203,33 28,47 40,67 272,47 TOTAL:
TOTAL ORIGEM: 1.128,65 80,02 171,79 1.380,46"
Imóvel,401.538.0018.001,401.538.0018.001,"Rua RJ-09          S/N QD: 13 LT: 02 RESIDENCIAL RIO JORDÃO, Qt.Qd.Lt.SubLt. 13 02","Dívida Corrente Situação:
2023 01 CIP 26,52 2,12 5,30 33,94 1 0
2023 01 ITU 898,80 49,43 125,82 1.074,05 6 0
925,32 51,55 131,12 1.107,99 TOTAL:
Dívida Ativa Situação:
2022 02 Capin. RoçaD.A 203,33 28,47 40,67 272,47 1 0
203,33 28,47 40,67 272,47 TOTAL:
TOTAL ORIGEM: 1.128,65 80,02 171,79 1.380,46"
Imóvel,401.541.0319.000,401.541.0319.000,"Rua RJ-12         0 QD- 16 LT- 23 RESIDENCIAL RIO JORDÃO, Qt.Qd.Lt.SubLt. 16 23","Dívida Corrente Situação:
2023 01 CIP 26,52 2,12 5,30 33,94 1 0
2023 01 ITU 1.021,37 51,07 134,22 1.206,66 7 0
2023 12 Parcelamento DA 897,02 0,00 0,00 897,02 0 2
1.944,91 53,19 139,52 2.137,62 TOTAL:
TOTAL ORIGEM: 1.944,91 53,19 139,52 2.137,62"
Imóvel,401.542.0348.000,401.542.0348.000,"Rua RJ-14         0 QD.17 LT. 25 RESIDENCIAL RIO JORDÃO, Qt.Qd.Lt.SubLt. 17 25","Dívida Corrente Situação:
2023 01 CIP 26,52 2,12 5,30 33,94 1 0
2023 01 ITU 1.021,37 51,07 134,22 1.206,66 7 0
2023 12 Parcelamento DA 897,02 0,00 0,00 897,02 0 2
1.944,91 53,19 139,52 2.137,62 TOTAL:
TOTAL ORIGEM: 1.944,91 53,19 139,52 2.137,62"
Imóvel,403.316.0153.000,403.316.0153.000,"Rua ANTONIO DE SOUZA FRANÇA         0 QD.01 LT- 04 RESIDENCIAL PARIS, Qt.Qd.Lt.SubLt. 01 04","Dívida Corrente Situação:
2023 01 CIP 26,52 2,12 5,30 33,94 1 0
2023 01 ITU 1.021,37 51,07 134,22 1.206,66 7 0
2023 12 Parcelamento DA 897,02 0,00 0,00 897,02 0 2
1.944,91 53,19 139,52 2.137,62 TOTAL:
TOTAL ORIGEM: 1.944,91 53,19 139,52 2.137,62"
Imóvel,404.002.0152.001,404.002.0152.001,"Rua 02 S/N QD. 01 LT.08 RESIDENCIAL VALENCIA, Qt.Qd.Lt.SubLt. 01 08","Dívida Corrente Situação:
2023 01 CIP 26,52 2,12 5,30 33,94 1 0
2023 01 ITU 1.021,37 51,07 134,22 1.206,66 7 0
2023 12 Parcelamento DA 897,02 0,00 0,00 897,02 0 2
1.944,91 53,19 139,52 2.137,62 TOTAL:
TOTAL ORIGEM: 1.944,91 53,19 139,52 2.137,62"
Imóvel,404.003.0106.000,404.003.0106.000,"Rua 01         0 QD. 02 LT.03 RESIDENCIAL VALENCIA, Qt.Qd.Lt.SubLt. 02 03","Dívida Corrente Situação:
2023 01 Capinação e Roç 220,32 15,42 44,06 279,80 1 0
2023 07 Capinação e Roç 220,32 6,61 17,63 244,56 1 0
2023 01 CIP 26,52 2,12 5,30 33,94 1 0
2023 01 ITU 1.003,38 50,17 131,89 1.185,44 7 0
1.470,54 74,32 198,88 1.743,74 TOTAL:
Dívida Ativa Situação:
2022 08 Capin. RoçaD.A 219,59 26,35 43,92 289,86 1 0
2022 01 Capin. RoçaD.A 219,59 30,74 43,92 294,25 1 0
439,18 57,09 87,84 584,11 TOTAL:
TOTAL ORIGEM: 1.909,72 131,41 286,72 2.327,85"
Imóvel,404.004.0116.000,404.004.0116.000,"Rua 03         0 QD. 03 LT.04 RESIDENCIAL VALENCIA, Qt.Qd.Lt.SubLt. 03 04","Dívida Corrente Situação:
2023 01 Capinação e Roç 220,32 15,42 44,06 279,80 1 0
2023 07 Capinação e Roç 220,32 6,61 17,63 244,56 1 0
2023 01 CIP 26,52 2,12 5,30 33,94 1 0
2023 01 ITU 1.003,38 50,17 131,89 1.185,44 7 0
1.470,54 74,32 198,88 1.743,74 TOTAL:
Dívida Ativa Situação:
2022 08 Capin. RoçaD.A 219,59 26,35 43,92 289,86 1 0
2022 01 Capin. RoçaD.A 219,59 30,74 43,92 294,25 1 0
439,18 57,09 87,84 584,11 TOTAL:
TOTAL ORIGEM: 1.909,72 131,41 286,72 2.327,85"
Imóvel,404.007.0450.000,404.007.0450.000,"Rua 01         0 A. NÃO EDIFICANTE RESIDENCIAL VALENCIA, Qt.Qd.Lt.SubLt. 00 A. NÃO EDI","Dívida Corrente Situação:
2023 01 Capinação e Roç 220,32 15,42 44,06 279,80 1 0
2023 07 Capinação e Roç 220,32 6,61 17,63 244,56 1 0
2023 01 CIP 26,52 2,12 5,30 33,94 1 0
2023 01 ITU 1.003,38 50,17 131,89 1.185,44 7 0
1.470,54 74,32 198,88 1.743,74 TOTAL:
Dívida Ativa Situação:
2022 08 Capin. RoçaD.A 219,59 26,35 43,92 289,86 1 0
2022 01 Capin. RoçaD.A 219,59 30,74 43,92 294,25 1 0
439,18 57,09 87,84 584,11 TOTAL:
TOTAL ORIGEM: 1.909,72 131,41 286,72 2.327,85"
Imóvel,406.746.0243.000,406.746.0243.000,"Rua ELIAS PAVLIKOFF         0 Qd. 01         Lt.14 RESIDENCIAL VILLA BELLA, Qt.Qd.Lt.SubLt. 01 14","Dívida Corrente Situação:
2023 01 Capinação e Roç 220,32 15,42 44,06 279,80 1 0
2023 07 Capinação e Roç 220,32 6,61 17,63 244,56 1 0
2023 01 CIP 26,52 2,12 5,30 33,94 1 0
2023 01 ITU 1.003,38 50,17 131,89 1.185,44 7 0
1.470,54 74,32 198,88 1.743,74 TOTAL:
Dívida Ativa Situação:
2022 08 Capin. RoçaD.A 219,59 26,35 43,92 289,86 1 0
2022 01 Capin. RoçaD.A 219,59 30,74 43,92 294,25 1 0
439,18 57,09 87,84 584,11 TOTAL:
TOTAL ORIGEM: 1.909,72 131,41 286,72 2.327,85"
Imóvel,406.752.0076.000,406.752.0076.000,"Rua HAGI         0 QD. 11 LT.05 RESIDENCIAL VILLA BELLA, Qt.Qd.Lt.SubLt. 11 05","Dívida Corrente Situação:
2023 01 Capinação e Roç 220,32 15,42 44,06 279,80 1 0
2023 07 Capinação e Roç 220,32 6,61 17,63 244,56 1 0
2023 01 CIP 26,52 2,12 5,30 33,94 1 0
2023 01 ITU 1.003,38 50,17 131,89 1.185,44 7 0
1.470,54 74,32 198,88 1.743,74 TOTAL:
Dívida Ativa Situação:
2022 08 Capin. RoçaD.A 219,59 26,35 43,92 289,86 1 0
2022 01 Capin. RoçaD.A 219,59 30,74 43,92 294,25 1 0
439,18 57,09 87,84 584,11 TOTAL:
TOTAL ORIGEM: 1.909,72 131,41 286,72 2.327,85"
Imóvel,406.753.0510.000,406.753.0510.000,"Rua TOMAS EDISON         0 Qd. 13         Lt.32 RESIDENCIAL VILLA BELLA, Qt.Qd.Lt.SubLt. 13 32","Dívida Corrente Situação:
2023 01 CIP 26,52 2,12 5,30 33,94 1 0
2023 01 ITU 1.683,92 75,76 197,87 1.957,55 8 0
1.710,44 77,88 203,17 1.991,49 TOTAL:
Dívida Ativa Situação:
2021 01 CIP - DA 29,61 9,18 5,92 44,71 1 0
2021 01 ITU - DA 1.517,01 470,27 303,40 2.290,68 1 0
2022 07 Capin. RoçaD.A 216,32 23,80 43,26 283,38 1 0
2022 01 CIP - DA 24,27 4,85 4,85 33,97 1 0
2022 01 ITU - DA 1.683,88 336,78 336,78 2.357,44 1 0
3.471,09 844,88 694,21 5.010,18 TOTAL:
Ajuizada Situação:
2020 01 CIP - DA 32,47 14,29 6,49 53,25 1 0
2020 01 ITU - DA 1.517,01 667,48 303,40 2.487,89 1 0
1.549,48 681,77 309,89 2.541,14 TOTAL:
TOTAL ORIGEM: 6.731,01 1.604,53 1.207,27 9.542,81"
